-- phpMyAdmin SQL Dump
-- version 3.4.11.1deb2
-- http://www.phpmyadmin.net
--
-- Host: localhost
-- Czas wygenerowania: 14 Gru 2016, 18:42
-- Wersja serwera: 5.5.31
-- Wersja PHP: 5.4.4-14+deb7u8

SET SQL_MODE="NO_AUTO_VALUE_ON_ZERO";
SET time_zone = "+00:00";


/*!40101 SET @OLD_CHARACTER_SET_CLIENT=@@CHARACTER_SET_CLIENT */;
/*!40101 SET @OLD_CHARACTER_SET_RESULTS=@@CHARACTER_SET_RESULTS */;
/*!40101 SET @OLD_COLLATION_CONNECTION=@@COLLATION_CONNECTION */;
/*!40101 SET NAMES utf8 */;

--
-- Baza danych: `cisnienienazycie`
--

-- --------------------------------------------------------

--
-- Struktura tabeli dla tabeli `cities`
--

DROP TABLE IF EXISTS `cities`;
CREATE TABLE IF NOT EXISTS `cities` (
  `id` int(11) NOT NULL AUTO_INCREMENT,
  `province_id` int(11) DEFAULT NULL,
  `label` varchar(255) COLLATE utf8_unicode_ci NOT NULL,
  `name` varchar(255) COLLATE utf8_unicode_ci NOT NULL,
  `lat` double NOT NULL,
  `lng` double NOT NULL,
  PRIMARY KEY (`id`),
  KEY `IDX_D95DB16BE946114A` (`province_id`)
) ENGINE=InnoDB  DEFAULT CHARSET=utf8 COLLATE=utf8_unicode_ci AUTO_INCREMENT=129 ;

--
-- Zrzut danych tabeli `cities`
--

INSERT INTO `cities` (`id`, `province_id`, `label`, `name`, `lat`, `lng`) VALUES
(12, 21, 'Łódź', 'Łódź', 51.7592485, 19.45598330000007),
(13, 23, 'Warszawa', 'Warszawa', 52.2296756, 21.0122287),
(14, 27, 'Gdynia', 'Gdynia', 54.5188898, 18.530540900000005),
(15, 28, 'Gliwice', 'Gliwice', 50.29449229999999, 18.67138019999993),
(16, 27, 'Starogard Gdański', 'Starogard Gdański', 53.965614, 18.516273599999977),
(17, 25, 'Rzeszów', 'Rzeszów', 50.04094689999999, 21.99928060000002),
(18, 32, 'Szczecin', 'Szczecin', 53.4285438, 14.552811600000041),
(20, 28, 'Katowice', 'Katowice', 50.26489189999999, 19.02378150000004),
(21, 23, 'Radom', 'Radom', 51.40272359999999, 21.14713329999995),
(22, 26, 'Białystok', 'Białystok', 53.13248859999999, 23.168840300000056),
(23, 31, 'Poznań', 'Poznań', 52.406374, 16.925168100000064),
(24, 28, 'Zabrze', 'Zabrze', 50.3249278, 18.785718599999996),
(25, 21, 'Tomaszów Mazowiecki', 'Tomaszów Mazowiecki', 51.5311945, 20.008647099999962),
(26, 21, 'Pabianice', 'Pabianice', 51.6567303, 19.357759999999985),
(27, 21, 'Bełchatów', 'Bełchatów', 51.3687535, 19.356424800000013),
(28, 20, 'Gorzów Wielkopolski', 'Gorzów Wielkopolski', 52.7325285, 15.236930499999971),
(29, 31, 'Kalisz', 'Kalisz', 51.76727990000001, 18.085346200000004),
(30, 31, 'Konin', 'Konin', 52.2230334, 18.251072900000054),
(31, 31, 'Piła', 'Piła', 53.1509671, 16.73822659999996),
(32, 32, 'Stargard Szczeciński', 'Stargard Szczeciński', 53.3364746, 15.050377099999992),
(33, 32, 'Kołobrzeg', 'Kołobrzeg', 54.17591729999999, 15.583266699999967),
(34, 30, 'Olsztyn', 'Olsztyn', 53.778422, 20.48011930000007),
(35, 30, 'Iława', 'Iława', 53.5959811, 19.568410399999948),
(36, 17, 'Wałbrzych', 'Wałbrzych', 50.7840092, 16.284355300000016),
(37, 17, 'Świdnica', 'Świdnica', 50.8498434, 16.475679000000014),
(38, 28, 'Lubliniec', 'Lubliniec', 50.66873529999999, 18.684619200000043),
(39, 29, 'Jędrzejów', 'Jędrzejów', 50.639337, 20.303877100000022),
(40, 26, 'Suwałki', 'Suwałki', 54.1115218, 22.930788099999972),
(41, 26, 'Bielsk Podlaski', 'Bielsk Podlaski', 52.7650576, 23.186752399999932),
(42, 23, 'Ostrołęka', 'Ostrołęka', 53.0876544, 21.559255399999984),
(43, 23, 'Ostrów Mazowiecki', 'Ostrów Mazowiecki', 52.8024372, 21.8950416),
(44, 22, 'Nowy Targ', 'Nowy Targ', 49.4774647, 20.032096000000024),
(45, 22, 'Myślenice', 'Myślenice', 49.83347, 19.93965000000003),
(46, 22, 'Wadowice', 'Wadowice', 49.88278560000001, 19.49395789999994),
(47, 22, 'Oświęcim', 'Oświęcim', 50.0343982, 19.20977819999996),
(48, 28, 'Cieszyn', 'Cieszyn', 49.7497638, 18.635470899999973),
(49, 28, 'Rybnik', 'Rybnik', 50.1021742, 18.5462847),
(50, 28, 'Racibórz', 'Racibórz', 50.0915234, 18.219916499999954),
(51, 25, 'Przemyśl', 'Przemyśl', 49.7838623, 22.767790800000057),
(52, 29, 'Ostrowiec Świętokrzyski', 'Ostrowiec Świętokrzyski', 50.9295234, 21.38519150000002),
(53, 19, 'Zamość', 'Zamość', 50.7230879, 23.251968600000055),
(54, 19, 'Chełm', 'Chełm', 51.1431232, 23.47119859999998),
(55, 19, 'Puławy', 'Puławy', 51.4164431, 21.969309000000067),
(56, 27, 'Rumia', 'Rumia', 54.5707832, 18.387822400000005),
(57, 27, 'Starogard Gdański', 'Starogard Gdański', 53.965614, 18.516273599999977),
(58, 30, 'Elbląg', 'Elbląg', 54.1560613, 19.4044897),
(59, 30, 'Giżycko', 'Giżycko', 54.03640499999999, 21.766734100000008),
(60, 18, 'Grudziądz', 'Grudziądz', 53.4837486, 18.75356499999998),
(61, 18, 'Inowrocław', 'Inowrocław', 52.7993317, 18.256203200000073),
(62, 22, 'Zakopane', 'Zakopane', 49.299181, 19.94956209999998),
(63, 31, 'Gniezno', 'Gniezno', 52.5349253, 17.582657499999982),
(64, 28, 'Częstochowa', 'Częstochowa', 50.8118195, 19.120309399999996),
(65, 21, 'Zelów', 'Zelów', 51.46434, 19.219820000000027),
(66, 22, 'Kraków', 'Kraków', 50.06465009999999, 19.94497990000002),
(67, 25, 'Zaczernie', 'Zaczernie', 50.093103, 22.005271100000073),
(68, 25, 'Nowa Dęba', 'Nowa Dęba', 50.42959, 21.75076999999999),
(69, 22, 'Nowy Sącz', 'Nowy Sącz', 49.6174535, 20.71533260000001),
(70, 27, 'Gdańsk', 'Gdańsk', 54.35202520000001, 18.64663840000003),
(71, 28, 'Chorzów', 'Chorzów', 50.2974884, 18.95457280000005),
(72, 23, 'Płock', 'Płock', 52.5463446, 19.706536400000005),
(73, 23, 'Mińsk Mazowiecki', 'Mińsk Mazowiecki', 52.1792836, 21.572105700000066),
(74, 23, 'Piaseczno', 'Piaseczno', 52.0811536, 21.023860199999945),
(75, 22, 'Miechów', 'Miechów', 50.3568703, 20.027412599999934),
(76, 22, 'Tarnów', 'Tarnów', 50.0121011, 20.98584070000004),
(77, 28, 'Jaworzno', 'Jaworzno', 50.204987, 19.273931400000038),
(78, 24, 'Opole', 'Opole', 50.6751067, 17.921297600000003),
(79, 27, 'Kartuzy', 'Kartuzy', 54.3343, 18.197200000000066),
(80, 23, 'Sochaczew', 'Sochaczew', 52.2293372, 20.238358999999946),
(81, 31, 'Jarocin', 'Jarocin', 51.9724492, 17.501941399999964),
(82, 32, 'Świnoujście', 'Świnoujście', 53.9100327, 14.247577500000034),
(83, 17, 'Legnica', 'Legnica', 51.2070067, 16.155323100000032),
(84, 17, 'Jelenia Góra', 'Jelenia Góra', 50.9044171, 15.719361599999957),
(85, 21, 'Piotrków Trybunalski', 'Piotrków Trybunalski', 51.40517209999999, 19.703024400000004),
(86, 18, 'Nakło', 'Nakło', 53.1417565, 17.601834199999985),
(87, 21, 'Sieradz', 'Sieradz', 51.5956014, 18.730299400000035),
(88, 17, 'Wrocław', 'Wrocław', 51.1078852, 17.03853760000004),
(89, 31, 'Leszno', 'Leszno', 51.8419861, 16.593754499999932),
(90, 18, 'Włocławek', 'Włocławek', 52.6483303, 19.067735699999957),
(91, 22, 'Limanowa', 'Limanowa', 49.70587, 20.42228),
(92, 19, 'Biała Podlaska', 'Biała Podlaska', 52.0387126, 23.14450260000001),
(93, 23, 'Legionowo', 'Legionowo', 52.4044483, 20.949969699999997),
(94, 23, 'Garwolin', 'Garwolin', 51.8971987, 21.61493930000006),
(95, 23, 'Otwock', 'Otwock', 52.1053186, 21.261624799999936),
(96, 19, 'Lublin', 'Lublin', 51.2464536, 22.568446300000005),
(97, 30, 'Ełk', 'Ełk', 53.8280529, 22.364662899999985),
(98, 26, 'Łomża', 'Łomża', 53.1781197, 22.059032099999968),
(99, 25, 'Tarnobrzeg', 'Tarnobrzeg', 50.5729079, 21.67906979999998),
(100, 25, 'Mielec', 'Mielec', 50.287063, 21.42381009999997),
(101, 25, 'Sanok', 'Sanok', 49.55501870000001, 22.206065800000033),
(102, 28, 'Żywiec', 'Żywiec', 49.6912999, 19.18239829999993),
(103, 28, 'Jastrzębie Zdrój', 'Jastrzębie Zdrój', 49.9454207, 18.610110299999974),
(104, 28, 'Ruda Śląska', 'Ruda Śląska', 50.2558286, 18.855570400000033),
(105, 28, 'Tarnowskie Góry', 'Tarnowskie Góry', 50.4359468, 18.846024700000044),
(106, 28, 'Jastrzębie Zdrój', 'Jastrzębie Zdrój', 49.9454207, 18.610110299999974),
(107, 31, 'Ostrów Wielkopolski', 'Ostrów Wielkopolski', 51.6549856, 17.80682580000007),
(108, 17, 'Trzebnica', 'Trzebnica', 51.3104211, 17.063271600000007),
(109, 17, 'Lubin', 'Lubin', 51.4042025, 16.193891699999995),
(110, 20, 'Zielona Góra', 'Zielona Góra', 51.9356214, 15.506186200000002),
(111, 31, 'Szamotuły', 'Szamotuły', 52.6116547, 16.577904699999976),
(112, 18, 'Toruń', 'Toruń', 53.0137902, 18.59844369999996),
(113, 18, 'Grudziądz', 'Grudziądz', 53.4837486, 18.75356499999998),
(114, 23, 'Płońsk', 'Płońsk', 52.6230132, 20.375358900000037),
(115, 21, 'Kutno', 'Kutno', 52.230618, 19.364278000000013),
(116, 21, 'Zgierz', 'Zgierz', 51.85505759999999, 19.406070399999976),
(118, 27, 'Pruszcz Gdański', 'Pruszcz Gdański', 54.2621505, 18.63617260000001),
(119, 32, 'Koszalin', 'Koszalin', 54.1943219, 16.171490800000015),
(120, 23, 'Grodzisk Mazowiecki', 'Grodzisk Mazowiecki', 52.1044383, 20.635092299999997),
(121, 23, 'Błonie', 'Błonie', 52.1985472, 20.616956699999946),
(122, 32, 'Wałcz', 'Wałcz', 53.2734739, 16.475284699999975),
(123, 32, 'Szczecinek', 'Szczecinek', 53.7100713, 16.6993602),
(124, 22, 'Skawina', 'Skawina', 49.9751815, 19.82887489999996),
(125, 28, 'Tychy', 'Tychy', 50.12180069999999, 19.02000220000002),
(126, 29, 'Kielce', 'Kielce', 50.8660773, 20.628567699999962),
(127, 29, 'Skarżysko-Kamienna', 'Skarżysko-Kamienna', 51.114294, 20.84778270000004),
(128, 28, 'Bielsko-Biała', 'Bielsko-Biała', 49.8207101, 19.04261);

-- --------------------------------------------------------

--
-- Struktura tabeli dla tabeli `competition_form`
--

DROP TABLE IF EXISTS `competition_form`;
CREATE TABLE IF NOT EXISTS `competition_form` (
  `id` int(11) NOT NULL AUTO_INCREMENT,
  `name` varchar(255) COLLATE utf8_unicode_ci NOT NULL,
  `street` varchar(255) COLLATE utf8_unicode_ci NOT NULL,
  `building_nr` varchar(16) COLLATE utf8_unicode_ci NOT NULL,
  `flat_nr` varchar(16) COLLATE utf8_unicode_ci NOT NULL,
  `post_code` varchar(8) COLLATE utf8_unicode_ci NOT NULL,
  `city` varchar(255) COLLATE utf8_unicode_ci NOT NULL,
  `first_name` varchar(255) COLLATE utf8_unicode_ci NOT NULL,
  `last_name` varchar(255) COLLATE utf8_unicode_ci NOT NULL,
  `email` varchar(255) COLLATE utf8_unicode_ci NOT NULL,
  `phone` varchar(16) COLLATE utf8_unicode_ci NOT NULL,
  `desc_time` longtext COLLATE utf8_unicode_ci NOT NULL,
  `desc_aim` longtext COLLATE utf8_unicode_ci NOT NULL,
  `desc_people` longtext COLLATE utf8_unicode_ci NOT NULL,
  `desc_efect` longtext COLLATE utf8_unicode_ci NOT NULL,
  `accept_1` tinyint(1) NOT NULL,
  PRIMARY KEY (`id`)
) ENGINE=InnoDB  DEFAULT CHARSET=utf8 COLLATE=utf8_unicode_ci AUTO_INCREMENT=50 ;

--
-- Zrzut danych tabeli `competition_form`
--

INSERT INTO `competition_form` (`id`, `name`, `street`, `building_nr`, `flat_nr`, `post_code`, `city`, `first_name`, `last_name`, `email`, `phone`, `desc_time`, `desc_aim`, `desc_people`, `desc_efect`, `accept_1`) VALUES
(8, 'Powiat Żaganski', 'Dworcowa', '39', '', '68-100', 'Żagań', 'Irena', 'Karolewska', 'promocja@powiatzganski.pl', '68 477 79 16', 'Starostwo Powiatowe w Żaganiu od 12 lat jest organizatorem Powiatowych Pikników Zdrowia .Jest to impreza plenerowa,  na którą zapraszamy mieszkańców powiatu żagańskiego i oferujemy bezpłatne badania i konsultacje lekarzy specjalistów. Na przestrzeni 12 lat w warunkach piknikowych wykonywane są systematyczne badania służące zapobieganiu chorobom serca i układu krążenia tj. pomiar ciśnienia tętniczego, pomiar cholesterolu, pomiar cukru we krwi, pomiar wagi ciała i wskaźnika BMI . Wszystkie osoby z niepokojącymi wynikami  ( i nie tylko) mogły uzyskać poradę lekarza kardiologa  co do dalszego postępowania czy tez leczenia. Taka forma bezstresowych porad lekarskich spotkała się z dużym zainteresowaniem mieszkańców naszego powiatu.  Pikniki organizowane są w m-cu czerwcu i są wyczekiwane przez naszych mieszkańców ', 'Celem Powiatowych pikników zdrowia jest promowanie zdrowego stylu życia oraz zapobieganie chorobom cywilizacyjnym, w tym chorobom serca i układu krążenia. Pikniki organizowane są we współpracy ze wszystkimi instytucjami realizującymi szeroko rozumiane zadania z zakresu zdrowia publicznego m.in. Inspekcją sanitarna  i zakładami opieki zdrowotnej . W plenerze , w centralnym miejscu miasta powiatowego Żagań ( aby zwiększyć dostępność )przygotowywane jest białe miasteczko. Corocznie wykonywanych jest ponad 500 badań ciśnienia krwi, 500 pomiarów wagi ciała, ponad 300 badań cukru we krwi, około 250 pomiarów cholesterolu)Lekarze kardiolodzy na 3 godzinnych piknikach udzielają około 20 porad .Osoby wykazujące objawy chorobowe kierowani są do dalszej diagnostyki i systematycznego leczenia. Pracownicy Inspekcji Sanitarnej prowadzą  edukacje zdrowotna, m.in poprzez informatory i ulotki. Na scenie promowane as różne formy ruchu , zachęcające do podjęcia decyzji do systematycznego poruszania się . Jako imprezy towarzyszce piknikom organizowane są rajdy rowerowe i spacery nordic walking.   Całość działań ma służyć zwiększenia zainteresowania swoim zdrowiem i podjęcia za nie osobistej  odpowiedzialności.Na piknikach propagowane są populacyjne programy zdrowotne .Powiatowe pikniki zdrowia cieszą się dużym uznaniem wśród mieszkańców naszego powiatu.', 'Pikniki organizowane są od 2004 roku . Corocznie uczestniczy w nich około 500 osób, korzystając z rożnych przygotowanych ofert ; badań diagnostycznych bądź porad lekarzy specjalistów ; kardiologa oraz diabetologa. \r\nLiczba mieszkańców miasta powiatowego Żagań ( najczęstszych uczestników pikników) wynosi około 26.000 ludzi .Uczestnicy pikników stanowią zatem niecałe 2 % populacji Żagania.', 'Powiatowy Piknik Zdrowia w roku 2015 organizowany był po raz 12.\r\nCorocznie uczestniczy w nim około 500 osób, korzystając z badań diagnostycznych i porad lekarskich. Wobec piknikowej formy nie prowadzona jest ścisła  systematyka liczby przebadanych osób , ale z informacji przekazywanych  przez lekarzy , którzy konsultują osoby z przedstawionymi przez nich badaniami (ciśnienia,  cukru, cholesterolu, wagi ciała, BMI). Każdorazowo   kilka -kilkanaście osób kierowanych  jest do dalszej diagnostyki.', 1),
(13, 'Miasto Słupsk', 'Plac Zwycięstwa 3', '3', '', '76-200', 'Słupsk', 'Violetta', 'Karwalska', 'wziss@um.slupsk.pl', '(59) 84 88 371', 'Program profilaktyczny pn. „Zdrowe życie – Dobre życie” realizowany jest od 01.09.2009 r., w ramach projektu „Zdrowie – Mama i Ja”, w Poradni Promocji Zdrowia w Przychodni Rejonowej zlokalizowanej w Słupsku przy ul. Westerplatte 1.\r\nW okresie od 01.09.2009 r. do 30.04.2011 r. program dofinansowany był w ramach środków pozyskanych przez Miasto Słupsk z Mechanizmu Finansowego Europejskiego Obszaru Gospodarczego i Norweskiego Mechanizmu Finansowego na lata 2009 – 2011. W okresie od 01.05.2011 r. do 28.02.2022 r. program finansowany jest ze środków własnych Miasta Słupska.', 'Celem głównym programu „Zdrowe życie – Dobre życie” jest wczesne wykrywanie oraz redukcja występowania i natężenia czynników ryzyka chorób cywilizacyjnych. Ponadto program ma na celu: zwiększenie wykrywalności i skuteczności leczenia chorób cywilizacyjnych, wczesną identyfikację osób z podwyższonym czynnikiem ryzyka zapadalności na choroby cywilizacyjne, przeprowadzenie i kontrolę skuteczności interwencji niefarmakologicznej dla wszystkich osób z ryzykiem, promocję zdrowego stylu życia (zdrowe odżywianie się, aktywność fizyczna, niepalenie), prospektywną obserwację osób uczestniczących w programie w celu modyfikacji nieprawidłowego stylu życia.\r\nIdea realizacji programu oparta była o wdrożenie wyznaczonych kierunków, które stanowią element składowy kompleksowych działań profilaktycznych realizowanych w ramach projektu „Zdrowie – Mama i Ja” począwszy od profilaktyki prenatalnej aż do profilaktyki wieku senioralnego.\r\nOferta Poradni Promocji Zdrowia w szczególności skierowana jest do osób w wieku 25 – 55 lat z terenu miasta Słupska i innych powiatów, u których nie stwierdzono chorób układu krążenia. Uczestnicy  programu „Zdrowe życie – Dobre życie” mogą skorzystać\r\nz następujących bezpłatnych badań: pomiaru ciśnienia tętniczego, EKG, spirometrii, pomiaru tlenku węgla, prawidłowej masy ciała (BMI), poziomu glukozy, cholesterolu i trójglicerydów. Badania wykonywane są bez konieczności posiadania skierowania lekarza POZ\r\nani też ubezpieczenia zdrowotnego, jednakże mile widziane są osoby, u których występuje czynnik ryzyka i do tej pory nie stwierdzono złych parametrów badania. Ponadto w Poradni Promocji Zdrowia uczestnicy mogą skorzystać z bezpłatnych porad i konsultacji lekarza internisty, pielęgniarki/ edukatora zdrowia, dietetyka oraz psychologa.\r\nRealizatorzy programu „Zdrowe życie – Dobre życie” na bieżąco zwiększają wachlarz działań wychodząc naprzeciw potrzebom lokalnej społeczności m.in. prowadzą edukację zdrowotną połączoną z profilaktycznymi badaniami w środowisku uczniowskim, studenckim\r\ni senioralnym. Dzięki wykładom dietetyka uczniowie szkół chętniej sięgają po warzywa\r\ni owoce, a także zwracają uwagę na prawidłową dietę. Funkcjonowaniu poradni towarzyszy również udział realizatorów w lokalnych eventach i festynach zdrowotnych.', 'Program obejmuje osoby w wieku 25 – 55 lat z terenu miasta Słupska i innych powiatów, u których nie stwierdzono chorób układu krążenia. Z badań profilaktycznych korzystają również mieszkańcy gmin ościennych. Programem objęto w szczególności 47,6% populacji mieszkańców miasta Słupska (wg stanu na 31.12.2008 r.).', 'W okresie od 2009 do 2014 r. w Poradni Promocji Zdrowia udzielono 9 878 profilaktycznych porad i wykonano 14 597 badań oraz przeprowadzono 89 zajęć edukacyjnych w szkołach\r\ni innych placówkach.\r\nW bieżącym roku dzięki poradom dietetyka 54 osoby znacznie zredukowały masę ciała. Wśród ww. populacji 28 osób zredukowało masę o 10-15 kg, 19 osób o 15-20 kg, 7 osób o ponad 20 kg. Podczas badań i konsultacji lekarskiej u 10 pacjentów wykryto choroby układu krążenia, a u 22 osób znacznie podwyższone wartości lipidów. Pacjenci Ci zostali skierowani do dalszej diagnostyki u lekarza pierwszego kontaktu. W latach 2011-2013 do Poradni uczęszczał pacjent, który zredukował masę ciała o ponad 50 kg. \r\nPonadto dzięki współpracy kadry programu „Zdrowe życie – Dobre życie” z realizatorami projektu „Zdrowie – Mama i Ja” do Poradni regularnie zgłaszają się pacjenci będący\r\npod opieką psychologów innych poradni np. Szkoły Rodzenia. W obu przypadkach częstym rozwiązaniem zarówno problemów emocjonalnych jak i poporodowych staję się współpraca\r\nz dietetykiem w celu redukcji masy ciała. Niezbędna jest również edukacja osób starszych dotycząca zdrowej, zbilansowanej diety pozwalającej zapobiegać lub wspomagać leczenie\r\njuż istniejących dolegliwości. Osoby te nie utożsamiają zdrowia z odpowiednim stylem odżywiania. Dlatego też personel Poradni w prowadzonej edukacji zwraca uwagę na fakt,\r\nże z wiekiem zmienia się zapotrzebowanie na składniki odżywcze oraz sposób\r\nich wykorzystania przez organizm.', 1),
(14, 'Miasto Opole', 'Rynek-Ratusz', '-', '-', '45-015', 'Opole', 'Justyna', 'Hyziak', 'justyna.hyziak@um.opole.pl', '77 44 35 755', 'Program profilaktyki chorób układu krążenia był realizowany w mieście Opolu w latach 2008 – 2010. Realizatorem Programu były:\r\n1)	Samodzielny Publiczny Zakład Opieki Zdrowotnej „Centrum”, ul. Kościuszki 2,      45-062 Opole,\r\n2)	Samodzielny Publiczny Zakład Opieki Zdrowotnej „Śródmieście”, ul. Waryńskiego 30, 45-047 Opole,\r\n3)	Samodzielny Publiczny Zakład Opieki Zdrowotnej „Zaodrze”, ul. Licealna 18,         45-714 Opole, \r\ndla których miasto Opole jest pomiotem tworzącym.', 'Głównym celem Programu było zmniejszenie umieralności i zachorowalności na choroby układu krążenia osób w średnim wieku poprzez wykonywanie badań przesiewowych określających ocenę ryzyka naczyniowo - sercowego oraz edukację zdrowotną. \r\nW ramach realizacji Programu wykonywano bezpłatne badania biochemiczne krwi (cholesterolu całkowitego, LDL, HDL, triglicerydów i poziomu cukru na czczo), przeprowadzano konsultacje pielęgniarskie, które obejmowały pomiar ciśnienia tętniczego krwi, wyznaczanie wskaźnika BMI oraz pomiar obwodu brzucha, przeprowadzano wywiady            w zakresie analizy stylu życia każdego uczestnika Programu, prowadzono edukację zdrowotną na temat redukcji czynników ryzyka chorób układu krążenia, przekazywano materiały informacyjne (ulotki), a  także podczas konsultacji lekarskich dokonywano oceny ryzyka sercowo-naczyniowego na podstawie przeprowadzonego wywiadu oraz badań.\r\nW przypadku stwierdzonych wątpliwych wyników badań przeprowadzane były dodatkowe badania biochemiczne krwi, dodatkowy pomiar ciśnienia tętniczego, a także wykonywano EKG spoczynkowe. Uczestników Programu z nowo wykrytymi nieprawidłowościami lub        z określonym wysokim stopniem ryzyka naczyniowo - sercowego kierowano do dalszej diagnostyki  w poradniach specjalistycznych.\r\nW czasie trwania Programu prowadzona była kampania informacyjna w lokalnych mediach oraz na stronie internetowej Urzędu Miasta Opola oraz  rozpropagowywane były ulotki o ww. Programie. Wysyłano także zaproszenia do osób kwalifikujących się do wzięcia w nim udziału', 'W latach 2008 – 2010 Programem zostało objętych łącznie około 1,4 % mieszkańców  miasta Opola kwalifikujących się do wzięcia udziału w Programie w wieku 30 – 60 lat.\r\n\r\nW 2008 r. przebadano łącznie około 2 %  z wszystkich osób kwalifikujących się do wzięcia udziału w Programie,\r\n\r\nW 2009 r. przebadano łącznie około 1,7 %  z wszystkich osób kwalifikujących się do wzięcia udziału w Programie,\r\n \r\nW 2010 r. przebadano łącznie około 0,4 %  z wszystkich osób kwalifikujących się do wzięcia udziału w Programie,', 'W latach 2008 – 2010 do wzięcia udziału w Programie kwalifikowało się 166.431 osób,   łącznie przebadano 2.265 osób w tym 352 osoby skierowano na dalszą diagnostykę, co stanowi 15,5 % wszystkich przebadanych osób.\r\n\r\nW poszczególnych latach liczba osób objętych  Programem kształtowała się następująco: \r\n\r\nW 2008 r. do wzięcia udziału w Programie kwalifikowało się  56.053 mieszkańców miasta Opola,  przebadano  1107 osób, w tym 143 osoby skierowano na dalszą diagnostykę, co stanowi 13 % wszystkich przebadanych osób.\r\n\r\nW 2009 r. do wzięcia udziału w Programie kwalifikowało się 55.838 mieszkańców miasta Opola  przebadano  958  osób, w tym 204 osoby skierowano na dalszą diagnostykę, co stanowi 21,2 % wszystkich przebadanych osób.\r\n\r\nW 2010 r.  do wzięcia udziału w Programie  kwalifikowało się  54.540 osób, przebadano  200 osób, w tym 5 osób skierowano na dalsza diagnostykę, co stanowi 2,5 % wszystkich przebadanych osób.', 1),
(15, 'Starostwo Powiatowe', 'Bobrecka', '29', '', '43-400', 'CIESZYN', 'Barbara', 'Kłosowska', 'pz@powiat.cieszyn.pl', '33-4777216 , 534', 'Wakacyjny Tydzień Zdrowia - to akcja profilaktyczna zorganizowana w okresie od 6 lipca 2015r do 10 lipca 2015r.\r\nAkcja zainicjowana w roku 2000 na rynku Cieszyna, realizowana w różnym zakresie na terenie gmin powiatu, zaś od 2009 na rynku Miasta Ustroń.', 'Cele akcji to inicjowanie działań podnoszących świadomość społeczną w zakresie prewencji chorób i prowadzenia zdrowego stylu życia poprzez konsultacje i porady specjalistyczne, propagowanie zdrowego żywienia - przepisy i degustacje, propagowanie aktywności fizycznej \r\noraz kształtowanie nawyków regularnych pomiarów i badań, w tym : masy ciała, BMI,  ciśnienia tętniczego oraz badań profilaktycznych krwi.', 'W tym roku uczestniczyło w programie ponad 1000 osób, co stanowi około 0.6 % mieszkańców Powiatu Cieszyńskiego.', 'W tym roku uczestniczyło ponad 1000 osób, co stanowi 0,58 %  mieszkańców całego Powiatu Cieszyńskiego, w tej liczbie byli przede wszystkim mieszkańcy Ustronia i okolic, też turyści i kuracjusze. Uczestnikami byli w większości ludzie powyżej 45 r.ż.( ok. 70% ogółu). Chętnych do korzystania przybywa, gdyż oferta akcji jest zawsze bezpłatna, różnorodna i atrakcyjna, najbardziej oczekiwane są skierowania na bezpłatne badania krwi do laboratorium, co ważne z długim terminem realizacji i z realizacja w kilku dostępnych punktach pobrań na terenie powiatu.    \r\nProgram cieszy się dużą popularnością i ma nawet stałych bywalców, którzy przychodzą regularnie, co roku i korzystają z wielu propozycji.\r\nO skali zainteresowania akcją niech świadczą choćby następujące liczby: udzielono łącznie ponad 1 000 porad specjalistycznych, w tym 250 konsultacji lekarskich  z zakresu profilaktyki chorób sercowo - naczyniowych, cukrzycy, narządu ruchu, wad postawy, były porady internistyczne, neurologiczne, rehabilitacyjne, psychologiczne, pielęgniarskie -250 porad i dietetyczne- 150 porad, odbywały się degustacje zdrowej żywności: sałatek, kanapek, wody mineralnej wraz z poradami i przepisami dietetycznymi.  Ponad 500 osób skorzystało z pomiaru ciśnienia, BMI oraz tkanki tłuszczowej, były pokazy pierwszej pomocy.  Rozdano 293 skierowania na badania krwi, każdy rozdany zestaw badań zawierał skierowanie na morfologię, glukozę, cholesterol, trójglicerydy i Alat. Po raz pierwszy odbyły się też w namiocie badania EKG (65) wraz z odczytem i wprowadzono dodatkowo porady z zakresu ziołolecznictwa.', 1),
(16, 'Jastrzębie-Zdrój Miasto na prawach powiatu', 'Al. J. Piłsudskiego', '60', '', '44-335', 'Jastrzębie-Zdrój', 'Janusz', 'Buda', 'zp2@um.jastrzebie.pl', '324785310', 'Program pn.: „Program profilaktyki i wczesnego wykrywania\r\nchorób układu krążenia wśród mieszkańców miasta Jastrzębie-Zdrój" jest realizowany przez samorząd miasta Jastrzębie-Zdrój od 2005 r. \r\nProgram jest realizowany, co roku (z pewnymi modyfikacjami) po raz dziesiąty. \r\nFestyn Zdrowia organizowany począwszy od 1999r. \r\nPowyższe działania wynikają i wpisują się w Program Polityki Zdrowotnej dla mieszkańców Miasta Jastrzębie-Zdrój.', 'Obniżenie zachorowalności i umieralności z powodu chorób układu krążenia populacji objętej programem poprzez wczesne wykrywanie, redukcję występowania i natężenia czynników ryzyka.\r\nCele pośrednie \r\n1.	zwiększenie wykrywalności i skuteczności leczenia chorób układu krążenia, \r\n2.	wczesna identyfikacja osób z podwyższonym ryzykiem chorób układu krążenia, \r\n3.	promocja zdrowego stylu życia: niepalenia tytoniu, prawidłowego odżywiania się, aktywności fizycznej. \r\nAdresaci \r\nMieszkańcy miasta Jastrzębie-Zdrój obu płci powyżej 35 roku życia. \r\nOrganizacja programu:\r\n1.	Realizatorzy programu- wybrani na podstawie konkursu ofert. \r\n2.	Mieszkańcy, zapraszani poprzez wykonawców badań za pośrednictwem ogłoszeń i reklam spontanicznie zgłaszają się na badania. \r\nRealizacja  \r\n1.	Przeprowadzenie ustalonych dla programu badań diagnostycznych oraz wywiadu\r\nz pacjentem na podstawie ankiety (Karty Badania Profilaktycznego).\r\n2.	Ustalenie terminu wizyty u lekarza.\r\n3.	Ocena czynników ryzyka chorób układu krążenia przez lekarza, zakwalifikowanie pacjenta do konkretnej grupy ryzyka i wdrożenie dalszego postępowania.\r\n4.	Edukacja pacjenta: rozmowa, przekazanie materiałów zachęcających do zmiany stylu życia na bardziej sprzyjający zdrowiu.\r\n5.	Prowadzenie rejestru badanych osób i systematyczne monitorowanie programu.\r\n6.	Opracowanie zebranych danych wg zaleceń podanych przez Zamawiającego. \r\n7.	Skierowanie pacjenta, w zależności od diagnozy, do dalszego postępowania zapobiegawczego lub leczniczego w ramach powszechnego ubezpieczenia zdrowotnego (do lekarza kardiologa),\r\n8.	Każda z przebadanych osób otrzyma w formie pisemnej wnioski i zalecenia wynikające\r\nz przeprowadzonego badania. Ponadto osoby, u których zagrożenie rozwojem miażdżycy określono, jako dość znaczne lub duże otrzymały materiały edukacyjne zawierające zalecenia dietetyczne.\r\nRozpatrując strukturę zgonów jastrzębian, stwierdza się, że choroby układu krążenia powodują blisko 40 ogółu zgonów. Obserwuje się tendencję wzrostową ilości zgonów z powodu chorób układu krążenia. Według dostępnych danych epidemiologicznych schorzenia układu krążenia są najczęstsza przyczyną hospitalizacji.\r\nRealizacja programu polegała na przeprowadzeniu wśród mieszkańców miasta Jastrzębie-Zdrój, powyżej 35 roku życia badań przesiewowych wykrywających ryzyko zachorowania na schorzenia układu krążenia oraz edukacji zdrowotnej w zakresie zapobiegania chorobom układu krążenia. \r\nU wszystkich przebadanych osób określono czynniki ryzyka zachorowania na choroby układu krążenia. Do czynników ryzyka zaliczono: \r\nI.	podwyższony poziom cholesterolu, \r\nII.	podwyższony poziom cukru, \r\nIII.	nadciśnienie tętnicze, \r\nIV.	nadwagę, \r\nV.	otyłość, \r\nVI.	zmiany w EKG.\r\nInnym działaniem jest promocja zdrowego stylu życia, aktywności fizycznej, zdrowego odżywiania realizowana w czasie imprezy plenerowej, w rodzaju happeningu, pn.: Festyn Zdrowia.     \r\nRealizacja przedsięwzięcia polega na zorganizowaniu dla mieszkańców miasta szeregu bezpłatnych badań i konsultacji lekarskich, wystaw sprzętu medycznego, rehabilitacyjnego, degustacji zdrowej żywności oraz edukacji zdrowotnej w zakresie zapobiegania chorobom.   \r\nFestyn Zdrowia organizowany jest, co roku', 'ok. 10%', 'Badaniem w ramach Programu profilaktyki i wczesnego wykrywania chorób układu krążenia wśród mieszkańców miasta Jastrzębie-Zdrój" zostaje objętych corocznie ok 200-300 mieszkańców miasta powyżej 35 roku życia. Z uwagi na fakt, iż u ok. 80 % przebadanej populacji, wykryte są czynniki ryzyka, tyle też osób zostaje skierowanych na dodatkowe konsultacje   \r\nW Festynie Zdrowia uczestniczy ok. 3 tys. mieszkańców miasta, którzy korzystają z bezpłatnych badań, konsultacji, porad.', 1),
(17, 'Gmina Gliwice', 'Zwycięstwa', '21', '', '-', 'Gliwice', 'Beata', 'Jeżyk', 'jezyk_b@um.gliwice.pl', '32 238-54-33', 'Akcja zdrowotna dla mieszkańców zorganizowana w ramach profilaktyki i promocji zdrowia pn. „Krążenie ku zdrowiu” . Najważniejszym jej elementem była bezpłatna konferencja dla zainteresowanych na temat udarów mózgu i zawałów serca. Tematyka konferencji obejmowała następujące zagadnienia:\r\n\r\n1.Prozdrowotny styl życia skuteczną profilaktyką chorób naczyniowych” - prof. dr hab. n. med. Małgorzata Muc-Wierzgoń, kierownik Katedry i Oddziału Klinicznego Chorób Wewnętrznych Śląskiego Uniwersytetu Medycznego, konsultant wojewódzki w dziedzinie zdrowia publicznego;\r\n2. „Profilaktyka udarów mózgu” -prof. dr hab. n. med. Ewa Motta, kierownik Katedry i Kliniki Neurologii Wydziału Nauk o Zdrowiu ŚUM, Górnośląskie Centrum Medyczne, Szpital Kliniczny nr 7 w Katowicach-Ochojcu, Polskie Towarzystwo Neurologiczne – Oddział Śląski;\r\n3.Zawał serca – etiopatogeneza, leczenie” -prof. dr hab. n. med. Lech Poloński, kierownik III Katedry i Oddziału Klinicznego Kardiologii ŚUM, Śląskie Centrum Chorób Serca w Zabrzu;\r\n4.„Kardiologiczne przyczyny powikłań neurologicznych” - dr hab. n. med. Marek Gierlotka, konsultant wojewódzki w dziedzinie kardiologii, III Katedra i Oddział Kliniczny Kardiologii ŚUM, Śląskie Centrum Chorób Serca w Zabrzu;\r\n5.Udar – czas to mózg” - lek. med. Witold Opiełka, specjalista neurolog, kierownik Oddziału Udarowego VITO-MED. sp.z o.o. w Gliwicach;\r\n6.„Rehabilitacja kardiologiczna – historia i współczesność” - dr n. med. Krystian Oleszczyk, dyrektor Górnośląskiego Centrum Rehabilitacji im. gen. Jerzego Ziętka \r\nw Reptach;\r\n7.Pokaz pierwszej pomocy przedmedycznej – PCK Oddział Rejonowy w Gliwicach\r\n\r\nMateriały konferencyjne zawierały streszczenia wykładów, wydane były w formie broszury w formacie A4. \r\n\r\nKonferencji towarzyszyły inne wydarzenia związane z tematyką. W miejscu konferencji oraz w różnych punktach miasta przeprowadzane były badania: poziomu cukru, pomiar ciśnienia tętniczego krwi, pomiar wagi ciała, badania EKG, porady kardiologiczne, dietetyczne, oznaczanie wskaźnika BMI, konsultacje fizjoterapeutyczne oraz zajęcia ruchowe w terenie: trening nordic walking oraz wycieczka rowerowa dla zainteresowanych mieszkańców. Przy wejściu głównym do siedziby Urzędu Miejskiego w Gliwicach usytuowano stanowisko Polfy Warszawa - Grupy Polpharma „Ciśnienie na życie”, przy którym mieszkańcy oprócz pomiaru ciśnienia tętniczego mogli zbadać wiek serca. Symbolem akcji były czerwone balony w kształcie serc, które wskazywały wszystkie miejsca realizacji przedsięwzięcia.\r\nZ gliwickiej akcji powstał film pt: „Krążenie ku zdrowiu”, którego premiera miała miejsce 17 czerwca 2014 r. na antenie TVP Katowice w ramach reportażu „Umysł, ciało, duch - cud zdrowia”. Film był zamieszczony na stronie internetowej Urzędu Miejskiego \r\na obecnie dostępny jest na stronie: https://www.youtube.com/watch?v=lvYM2ds8Se4. \r\nAkcja o charakterze jednodniowym miała miejsce 10 czerwca 2014 r. i nie była kontynuowana w latach nastepnych..', 'Celem akcji było podniesienie świadomości mieszkańców na temat profilaktyki w zakresie chorób sercowo-naczyniowych a w konsekwencji zmniejszenie liczby udarów mózgu \r\ni zawałów serca.\r\n\r\nSposób realizacji: konferencja, materiały edukacyjne, badania, konsultacje, zajęcia ruchowe na sali i w terenie.', '0,69%', 'W akcji wzięło udział 1.187 osób', 1),
(18, 'Urząd Miasta Gdyni', 'Al. Marszałka J. Piłsudskiego', '52', '54', '81-382', 'Gdynia', 'Teresa', 'Marzejon', 't.marzejon@gdynia.pl', '58 668 2501', 'W Gdyni realizowane były dwa programy:\r\nI. Gdyńska Szkoła Niewydolności Serca\r\nII. Gdynia Kard\r\n\r\nAd. 1 Czas trwania programu i jego edycje (Czy program był jednorazowy?\r\nCzy realizowany w poszczególnych latach?):*\r\nI. Program Gdyńska Szkoła Niewydolności Serca, program prewencji wtórnej, kierowany był do osób z grupy wysokiego ryzyka tzn. z zagrożeniem i ze stwierdzoną niewydolnością serca, rekrutujących się głównie z Przyszpitalnej Przychodni Kardiologicznej i z Oddziału Kardiologicznego Szpitala Morskiego im. PCK w Gdyni. Program GSNS realizowany był od 02.01.2012 do 31.12.2014 roku jako jedna edycja.\r\nII. Program Gdynia Kard realizowany był w latach 2001-2010 W latach 2001-2003 realizowany był w 4 ośrodkach Kardiologicznych (3 przychodnie przyszpitalne, 1 Specjalistyczna Przychodnia Lekarska). Od 2004r, zmodyfikowano program, który działał w 3 płaszczyznach: \r\n-	Podstawowe Ośrodki Prewencji (POP)\r\n-	Specjalistyczne Ośrodki Kardiologiczne (SOK)\r\n-	Ośrodek Koordynująco-Nadzorujący program (OKN)\r\nRolę POP powierzono 14 przychodniom na terenie Gdyni, ich rolą było przyjmowanie pacjentów, którzy zostali zaproszeni listownie na badania przesiewowe. Podczas wizyty zbierany był wywiad dotyczący czynników ryzyka s-n, pomiary antropometryczne, pomiar RR, badanie krwi (lipidogram, glukoza). Pielęgniarka z uzyskanych wyników określała 10 letnie ryzyko zawału serca, kierowała pacjenta do SOK. \r\nNa badanie pacjent umawiał się dzwoniąc do OKN, gdzie wyznaczono mu termin wizyty w SOK. Wizyta w SOK składała się z 2 części. W pierwszej części pielęgniarka przeprowadzała wywiad dotyczący stylu życia znajomości ryzyka s-n. Dokonywała pomiarów antropometrycznych, RR \r\ni wykonywała badanie EKG serca. Pacjentów z nowo rozpoznanym nadciśnieniem tętniczym, zaburzeniami gospodarki węglowodanowej kierowała na badanie ECHO. W drugiej części wizyty lekarz mierzy RR, dokonuje analizy uzyskanych wyników. Tak zdiagnozowany pacjent otrzymuje dalsze zalecenia dla swojego lekarza POZ. \r\nDo zadań OKN należało prowadzenie szkoleń z zakresu realizacji programu, zapewnienie ośrodkom niezbędnych materiałów, monitorowanie jakości pracy POP, SOK, listowne zaproszenie dla mieszkańców, wyznaczanie terminów pacjentom skierowanym do SOK. \r\nW 2005r. włączono do programu dzieci do 6 r. ż. (Gdynia Kard Junior), u których w rodzinnie są osoby z incydentami sercowo-naczyniowymi.', 'I.  Jak wynika z epidemiologii sukces medycyny interwencyjnej i zachowawczej musi iść w parze ze zintegrowanymi i kompleksowymi programami opieki nad chorymi. Wdrożenie skutecznej profilaktyki pierwotnej i wtórnej znacznie zmniejszy odsetek rehospitalizacji, śmiertelności oraz wydłuży i poprawi jakość życia pacjentów. W ramach realizacji zadania dotowano działalność pielęgnacyjną, rehabilitacyjną, edukacyjną i terapeutyczną. Beneficjenci programu byli badani przez lekarza rehabilitanta, dwukrotnie kardiologa. Oferowano konsultacje psychologiczne, interwencje antynikotynowe, szkolenia dietetyczne. W ramach rehabilitacji ruchowej odbywały się zajęcia \r\nw \r\n6 osobowych grupach. Rodzaj ćwiczeń był dobierany indywidualnie w zależności od wydolności fizycznej pacjentów i zleceń rehabilitanta. Wykonywano również dwukrotnie 6 minutowy test chodu \r\ni badanie poziomu pro BNP (marker przeciążenia objętościowego serca). Codzienna aktywność fizyczna poprawia stan zdrowia, pozwala wydłużyć czas wykonywania wysiłku, zwiększa siłę mięśniową, poprawia jakość życia W ramach programu realizator proponował każdemu pacjentowi nieodpłatne korzystanie przez okres 3 miesięcy z systemu telemonitoringu kardiologicznego. Realizatorzy zapewniali nadajniki i szkolenie w zakresie obsługi sprzętu i opłacali 3 miesięczny abonament. Z usługi kardiotelemonitoringu w trakcie programu skorzystało 166 pacjentów. \r\nInformacje o programie były dystrybuowane wśród pacjentów Poradni oraz na stronie internetowej www.e-prewencja.pl \r\nII.  Plakaty rozwieszane w placówkach realizujących program, ulotki , broszury dotyczące stylu życia. Wysyłane imienne zaproszenia do beneficjentów programu. Informacje zamieszczane były na stronie internetowej; www.gdynia.kard.pl', 'I. W trakcie realizacji z Programu skorzystało 211 co stanowi ok. 0,09 % populacji mieszkańców Miasta Gdyni.\r\nII. W latach 2005-2010 w programie wzięło udział 13 696 osób', 'I. Przebadano 211 pacjentów, którzy otrzymali kompleksową usługę. W całkowitej i subiektywnej ocenie pacjentów dokonanej przez lekarzy kardiologów po 3 msc. trwania programu u 74,3 % pacjenta zaobserwowano poprawę stanu ogólnego, u 23,5 % uczestników stan się zmienił stanu zdrowia\r\nII. 1. w grupie do 6 r.ż. – Gdynia Kard – Junior zbadano: 270 dzieci \r\nwykryto: 81 zaburzeń RR, 152 zab. gosp. tłuszczowej, 8 zaburzeń gosp. węglowodanowej, \r\n56 dzieci z nadwagą i otyłością\r\n1.	w grupie 13 latków zbadano – 2 636 dzieci\r\nwykryto: 249 zaburzeń RR, 827 zab. gosp. tłuszczowej, 285 zaburzeń gosp. węglowodanowej, 445 dzieci z nadwagą i otyłością\r\n2.	w grupie 30 latków zbadano 1 377 osób\r\nwykryto: 116 zaburzeń RR, 386 zab. gosp. tłuszczowej, 193 zaburzeń gosp. węglowodanowej, 339 osób z nadwagą i otyłością\r\n3.	w grupie 50 latków zbadano – 5 920 osób\r\nwykryto: 1 237 zaburzeń RR, 3713 zab. gosp. tłuszczowej, 1 778 zaburzeń gosp. węglowodanowej, \r\n2 687 osób z nadwagą i otyłością\r\n4.	w grupie 55 latków zbadano – 1 606 osób\r\nwykryto: 319 zaburzeń RR, 1 096 zab. gosp. tłuszczowej, 734 zaburzeń gosp. węglowodanowej, 840 osób z nadwagą i otyłością\r\nDo Specjalistycznych Ośrodków Kardiologicznych trafiło 1 887 osób\r\nwykryto: 516 zaburzeń RR, 1 250 zab. gosp. tłuszczowej, 202 zaburzeń gosp. węglowodanowej, 90 inne zaburzeni', 1),
(19, 'Urząd Miasta Józefowa', 'Kardynała Wyszyńskiego', '1', '', '05-420', 'Józefów', 'Daria', 'Olifirowicz', 'd.olifirowicz@jozefow.pl', '22 779 00 41', '1. Profilaktyka chorób układu krążenia był programem jednorazowym, realizowanym przez cały rok 2008.\r\n2. Zwiększenie dostępności do świadczeń kardiologicznych osobom powyżej 50 roku życia jest w naszej Gminie realizowany od 2014 r.', '1. Celem programu było obniżenie zachorowalności i umieralności w powodu ChUK populacji objętej programem przez wczesne wykrywanie,redukcję występowania i natężenia czynników ryzyka oraz edukację zdrowotną. W ramach programu pacjenci, u których było podejrzenie występowania ChUK, mieli wizytę u kardiologa, przeprowadzone badania laboratoryjne, EKG, Holter oraz echo serca. Ponadto organizowane były spotkania i pogadanki prowadzone przez lekarza kardiologa. Pacjenci były powiadamiani poprzez plakaty zamieszczone na terenie Miasta, informację zamieszczoną w lokalnej gazetce Józefów nad Świdrem oraz iw Przychodni Miejskiej. \r\n2. Celem głównym programu jest poprawa stanu zdrowia i jakości życia mieszkańców Gminy Józefów poprzez ułatwienie dostępu do porad lekarskich i badań specjalistycznych. Pacjenci, którzy w bierzącym roku ukończyli 50 lat mają bezpłatną wizytę u kardiologa i w zależności od wskazania wykonane echo lub założony 24-godz.Holter EKG. Informacje o programie zarówno w poprzedniej edycji jak i w tym roku, zostały zamieszczone na plakatach, w gazetce lokalnej, na stronie Urzędu oraz Przychodni, ogłoszone podczas mszy niedzielnych.', '1. Podejrzenie występowania ChUK wykryto u 510 osób. Osoby te zostały skierowane następnie do lekarza kardiologa, z tego u 308 osób wykonano EKG, u 22 osób założono Holter, u 19 osób wykonano USG serca, 100 osób miało zlecone wykonanie badań laboratoryjnych.\r\n2. Program skierowany jest do osób powyżej 50 roku życia, która stanowi 32% populacji Gminy.', '1. Podejrzenie występowania ChUK wykryto u 510 osób. Osoby te zostały skierowane następnie do lekarza kardiologa, z tego u 308 osób wykonano EKG, u 22 osób założono Holter, u 19 osób wykonano USG serca, 100 osób miało zlecone wykonanie badań laboratoryjnych.\r\n2. W 2014 r. w ramach programu zostało przeprowadzonych 627 porad, wykonano 582 badania echa serca oraz 160 badań Holtera EKG. Dzieki przeprowadzonym działaniom wykryto NT ( 122 osób), dyslipidemię (99 os), chorobę wieńcową (28 os.), nadwagę lub otyłość (165 os.), cukrzycę (30 os.), niedoczynność tarczycy (26 os.). Ponadto 4 os. zostały skierowane na koronografię, dokumentacja 3 os. została przedstawiona do kwalifikacji do wszczepienia układu stymulującego serce. Program jest kontynuowany w br, stąd na chwilę obecną brak danych o liczbie przebadanych osób.', 1),
(20, 'Gmina Rybno', 'ul. Lubawska', '15', '', '13-220', 'Rybno', 'Iwona', 'Ćwiek', 'icwiek@spgzozrybno.pl', '23 696 60 24; 50', 'Organizujemy akcje pn. "Biała Sobota" promujące wczesną diagnostykę. Współorganizatorami akcji są: Samodzielny Publiczny Gminny Zakład Opieki Zdrowotnej w Rybnie oraz Stowarzyszenie na Rzecz Rozwoju Gminy Rybno. Pierwsza edycja akcji odbyła się 26 października 2013r. druga 16 maja 2015r.', 'Celem akcji jest propagowanie wśród mieszkańców gminy wczesnej diagnostyki. Podczas pierwszej rozdawane są ulotki informacyjne na temat profilaktyki zdrowotnej, zdrowym odżywianiu, aktywności fizycznej. Miejscem w którym są organizowane akcje jest budynek zakładu opieki zdrowotnej . Pracownicy zakładu przygotowują dla uczestników prezentacje o tematyce zdrowotnej, dokonują pomiarów parametrów życiowych: ciśnienia, poziomu glukozy, badania EKG, USG, spirometryczne, badanie składu ciała, badania słuchu. Do udziału w akcji zapraszani są lekarze różnych specjalności. W pierwszej edycji: urolog, laryngolog i chirurg w drugiej kardiolog.', 'Akcje organizowane są z myślą o wszystkich mieszkańcach gminy. Udział w akcjach bierze około 150 osób co stanowi około 2% mieszkańców Gminy Rybno.', 'W pierwszej edycji przebadano 110 osób w drugiej 104 osoby.', 1),
(21, 'Gmina Brusy', 'Na Zaborach', '1', '', '89-632', 'Brusy', 'Witold', 'Ossowski', 'um@brusy.pl', '52 396 9 301', 'Program Promocji i Profilaktyki Zdrowia „Pomóż swemu sercu” realizowany jest na terenie miasta i gminy Brusy od 2009 roku. Pierwsza jego edycja obejmowała lata 2009-2012. Druga realizowana jest od 2013 roku i trwać będzie do 2016 roku. Program posiada pozytywną opinię Agencji Oceny Technologii Medycznych.', 'Program zdrowotny dotyczy istotnego problemu zdrowotnego, jakim jest profilaktyka chorób sercowo-naczyniowych. Zakłada on obniżenie poziomu zachorowalności i umieralności \r\nz powodu zawału serca i udaru mózgu – w tym  pomiary glikemii (wczesne wykrywanie cukrzycy), szczepienia przeciwko grypie, a w poprzedniej edycji także pomiary ciśnienia tętniczego, olimpiada zdrowia, działania edukacyjne propagujące zasady zdrowego żywienia wśród mieszkańców wsi, konkurs kulinarny dla restauratorów,  itp.).', '	- Działania edukacyjne dla dzieci i młodzieży szkół podstawowych i gimnazjalnych dotyczące promowania zdrowego stylu życia (olimpiada promocji zdrowego stylu życia – 2009 rok)\r\nDziałaniami objęto ponad 1.800 uczniów szkól podstawowych i gimnazjalnych \r\nz terenu miasta i gminy Brusy. Powyższymi działaniami objęto również nauczycieli wdrażających program. \r\n	\r\n         - Działania edukacyjne propagujące zasady zdrowego żywienia wśród mieszkańców wsi mające na celu propagowanie zmiany sposobu żywienia (konkurs kulinarny – 2009 i 2010 rok)\r\nUdział w konkursie zaproponowano kołom gospodyń wiejskich i stowarzyszeniom promującym zdrowy styl  żywienia. Działaniami corocznie obejmowano 200 mieszkańców.\r\n	\r\n        - Rozwinięcie sieci punktów porad prozdrowotnych i kontroli stanu zdrowia (Brygada RR)\r\nSkorzystać z nich mogli uczestnicy festynów – 100 % zainteresowanych (dzieci, kobiety, mężczyźni, kobiety w ciąży, osoby starsze oraz zagrożone nałogami, itp.). Ogółem przebadano 431 osób. \r\n	\r\n         - Ocena występowania nadciśnienia tętniczego i innych czynników ryzyka \r\nu młodzieży szkolnej w wieku pomiędzy 18 a 19 rokiem życia\r\nW trzech latach realizacji programu przepadano ponad 300 osób (corocznie od 98% do 100% populacji). \r\n\r\n	- Popularyzacja  zdrowego odżywiania się (kampania prowadzona wśród restauratorów/konkurs  na zdrowe menu – 2009, 2010 i 2012rok)\r\nW działania włączyły się 2 lokalne restauracje. Otrzymały one tytuł promotorów zdrowej żywności i prawo do posługiwania się opracowanym, specjalnie na potrzeby realizacji programu logiem programu „Pomóż swemu sercu”. \r\n\r\n	- Zwiększenie aktywności fizycznej (organizacja konkursu „Wyścig po zdrowie” – 2009 rok)\r\nW realizację działania zaangażowano wszystkie szkoły podstawowe i gimnazja – łącznie ok. 1800 uczniów oraz kilkunastu nauczycieli wdrażających program. \r\n\r\n	- Prewencja chorób sercowo-naczyniowych u osób ze stanem przedcukrzycowym (realizacja programu edukacyjno-zdrowotnego pn. „Wyprzedź cukrzycę”)\r\nPrzeprowadzono ją u ok. 40 % populacji. \r\n\r\n	- Zmniejszenie wskaźnika powikłań sercowo-naczyniowych z powodu zachorowania na grypę (realizacja programu szczepień ochronnych przeciwko grypie dla osób po 65. roku życia) - lata 2009, 2010 i 2012 i 2014\r\nW  ramach jego realizacji corocznie zaszczepiono po 100 osób, a w 2014 – 150 osób. (corocznie od 5% do7% populacji).', '	- Działania edukacyjne dla dzieci i młodzieży szkół podstawowych i gimnazjalnych dotyczące promowania zdrowego stylu życia (olimpiada promocji zdrowego stylu życia – 2009 rok)\r\nUdział wzięło w nich 7 szkół podstawowych i 2 gimnazja z terenu miasta  i gminy Brusy. Każda ze szkół, zgodnie z regulaminem olimpiady,  wytypowała po \r\n3 osoby celem udziału w etapie gminnym. Nagrodzono osoby, które zajęły od I-V miejsca. Otrzymały one dyplomy oraz nagrody rzeczowe .\r\n\r\n	- Działania edukacyjne propagujące zasady zdrowego żywienia wśród mieszkańców wsi mające na celu propagowanie zmiany sposobu żywienia (konkurs kulinarny)\r\nW 2009 roku nagrodzono 6 organizacji, natomiast w roku 2010  - 7 stowarzyszeń i kół gospodyń wiejskich. \r\n\r\n	- Rozwinięcie sieci punktów porad prozdrowotnych i kontroli stanu zdrowia (Brygada RR)\r\nPomiary ciśnienia tętniczego wykonano u 431 osób. \r\n\r\n	- Ocena występowania nadciśnienia tętniczego i innych czynników ryzyka \r\nu młodzieży szkolnej w wieku pomiędzy 18 a 19 rokiem życia\r\nW  ramach zadania ponad 300 młodym ludziom wykonano :\r\n	* badania ciśnienia (2 razy po 2 pomiary)  mierzone na obu rękach w odstępie co najmniej 2 tygodni,\r\n	*oceny średnich wartości ciśnienia,\r\n	* pomiarów masy ciała, wzrostu i obwodu brzucha (antropometryczne),\r\n	* u osób z RR (ok. 20%) - udzielono wskazań co do dalszego postępowania.\r\n	\r\n        - Popularyzacja  zdrowego odżywiania się (kampania prowadzona wśród restauratorów/konkurs  na zdrowe menu)\r\nDwie bruskie restauracje w swoim menu umieściły zdrowe potrawy. Przyznano im tytuł promotorów zdrowej żywności i prawo do posługiwania się opracowanym, specjalnie na potrzeby realizacji programu logiem programu „Pomóż swemu sercu”. \r\n\r\n	- Zwiększenie aktywności fizycznej (organizacja konkursu „Wyścig po zdrowie” – 2009 rok)\r\nDziałaniami konkursowymi zainteresowano wszystkie szkoły podstawowe \r\ni gimnazjalne z terenu miasta i gminy Brusy(około 1800 uczniów). Każda ze szkól przystąpiła do konkursów profilaktycznych zdobywając tym samym wartościowe nagrody. Bezpośredni uczestnicy działań – uczniowie nabyli wiedzę i nowe zachowania prozdrowotne.\r\n\r\n	- Prewencja chorób sercowo-naczyniowych u osób ze stanem przedcukrzycowym (realizacja programu edukacyjno-zdrowotnego pn. „Wyprzedź cukrzycę”)\r\nW grupie wiekowej powyżej 25 rok życia badania przeprowadzono łącznie u 478 osób \r\n(w tym  u 28 mężczyzn w wieku 40-55 lat i kobiet w wieku 50-65 lat).\r\n\r\nObejmowały one :\r\n	* działania informacyjne prowadzone podczas zebrań osiedlowych i sołeckich, informacje umieszczone w placówkach służby zdrowia oraz  Urzędzie Miejskim \r\n(w tym tablica ogłoszeń, strona www) /plakaty, ulotki informujące o programie/, \r\n	 nabór uczestników\r\n	*ETAP I - badania wstępne, kwalifikacja uczestników do dalszego postępowania,  \r\n	Około trzydzieści procent spośród wszystkich uczestniczących w programie zakwalifikowanych zostało do II i III etapu.\r\n	*ETAP II - (program interwencyjny obejmujący m.in. szkolenia nt. stylu życia, w tym wydanie materiałów edukacyjnych), \r\n	\r\n         *ETAP III – kontrole (po 3 miesiącach i 12 miesiącach)\r\n\r\n	- Zmniejszenie wskaźnika powikłań sercowo-naczyniowych z powodu zachorowania na grypę (realizacja programu szczepień ochronnych przeciwko grypie dla osób po 65. roku życia)\r\nW  ramach jego realizacji (2009, 2010 i 2012 i 2014 rok) przebadano i zaszczepiono 450 osób.', 1),
(22, 'Urząd Miejski w Koninie', 'Plac Wolności', '1', '', '62-500', 'Konin', 'Jolanta', 'Stawrowska', 'jolanta.stawrowska@konin.um.gov.pl', '63 2401198', '"Zdrowie to podstawa" jest akcją profilaktyczną realizowana na terenie miasta przez Prezydenta Miasta Konina i Stowarzyszenie Edukacji Diabetologicznej od 2011 r. Akcja prowadzona jest w sposób cykliczny (co miesiąc). Podczas akcji mieszkańcy Konina mogą wykonać bezpłatne badania między innymi : EKG serca, pomiar ciśnienia tętniczego i skonsultować je z lekarzem kardiologiem, który uczestniczy w akcjach. W ramach akcji można wykonać również inne badania takie jak: USG tarczycy z konsultacją endokrynologa, badanie poziomu glukozy, przygodniej glikemii, choresterolu, spirometrię, USG Dopller, USG piersi z konsultacją onkologa, testy alergiczne, badanie znamion barwnikowych i pieprzyków w kierunku czerniaka złośliwego. Akcja cieszy się dużym powodzeniem, aby umożliwić jak największej liczbie osób możliwość skorzystania z akcji organizujemy je w różnych miejscach miasta. Zazwyczaj akcje te mają bardzo atrakcyjną formę np. festyn, pogadanki, wykłady.', 'Głównym celem akcji "Zdrowie to podstawa" jest prowadzenie efektywnej profilaktyki i edukacji społeczeństwa, co ma kluczowe znaczenie dla budowania zdrowego społeczeństwa', '30% społeczeństwa', 'Podczas akcji nie prowadzimy ewidencji osób, które korzystają z naszej oferty. możemy jednak stwierdzić, że akcje cieszą się dużym zainteresowaniem społeczeństwa. Średnio w każdej z akcji bierze udział około 400 osób.', 1),
(23, 'Powiat Strzelecki', 'Jordanowska', '2', '-', '47-100', 'Strzelce Opolskie', 'Joanna', 'Koszela', 'pp@powiatstrzelecki.pl', '77 4401 713', '"Biała Sobota" - akcja profilaktyczna prowadzona od dwóch lat, 17 października br. odbędzie się trzecia edycja "Białej Soboty". Akcja realizowana w latach 2014-2015.', 'Celem akcji profilaktycznej  jest, aby mieszkańcy Powiatu Strzeleckiego bez oczekiwania długich kolejek mogli skorzystać z porad specjalistów, w tym przypadku kardiologów (ale i innych obleganych specjalizacji, np. urolog, endokrynolog), jak również wykonać badania specjalistyczne związane z poradą.\r\nRealizacja akcji  profilaktycznej wygląda następująco: najpierw jest propagowanie wśród mieszkańców Powiatu poprzez plakaty, ulotki, promocja akcji na stronach internetowych oraz w prasie, następnie ma miejsce rejestracja do specjalistów, przy rejestracji osoba otrzymuje pakiet bezpłatnych badań do wykonania. Podczas konsultacji lekarskiej wyniki badań od danej osoby, trafiają bezpośrednio do lekarza, co jest bardzo wygodne ze względu na wiek i sprawność ruchową pacjentów. Po analizie wyników badań i wywiadzie z pacjentem lekarz rozpoczyna diagnostykę. Cała akcja finansowana jest z budżetu Powiatu Strzeleckiego.W ramach akcji odbywały się również marsze pn. "Zabierz swoje serce na spacer". W marszach brali udział mieszkańcy powiatu w każdym wieku, każdy z uczestników otrzymał zdrowy poczęstunek oraz pakiet materiałów promujących zdrowy tryb życia.', 'Około 0,5 % populacji Powiatu zostało objęte programem', 'Czerwiec 2014 r.-  przebadane przez kardiologa zostały 93 osoby\r\nListopad 2014 r. - przebadane przez kardiologa zostało 113 osób\r\nPaździernik 2015 r. - zaplanowanych jest 100 porad kardiologicznych', 1),
(24, 'Urząd Miasta Poznania', 'Plac Kolegiacki', '17', '', '61-841', 'Poznań', 'Magdalena', 'Pietrusik-Adamska', 'wziss@um.poznan.pl', '061 878 54 29', '1) Nowy kompleksowy model opieki nad chorymi z niewydolnością serca - Program polegał na wdrożeniu i organizacji nowego modelu opieki nad chorymi z niewydolnością serca, polegającego na kompleksowej i wielodyscyplinarnej opiece, obejmującej oprócz postępowania terapeutycznego również intensywne działania edukacyjne prowadzone wśród chorych, członków  ich rodzin, a także w środowisku medycznym. \r\nProgram dotowany przez Miasto. Realizacja: miejskie zakłady opieki zdrowotnej.\r\nOkres realizacji: lata 2002-2010;\r\n2) Program profilaktyki i wczesnego wykrywania miażdżycy oraz oceny ryzyka sercowo-naczyniowego pn. „Poznaniacy będą żyć dłużej”\r\nRealizator: miejskie zakłady opieki zdrowotnej. \r\nOkres realizacji: 2007-2012;\r\n3) Program profilaktyczny w zakresie wczesnego wykrywania tętniaków aorty brzusznej i piersiowej "Szeroka aorta".\r\nRealizator: Szpital Kliniczny Przemienienia Pańskiego Uniwersytetu Medycznego im. Karola Marcinkowskiego w Poznaniu. \r\nOkres realizacji: 2011-2012;\r\n4) Program profilaktyki chorób układu krążenia w starszym wieku Kardio 60+\r\nRealizator: Wielkopolskie Stowarzyszenie Wolontariuszy Opieki Paliatywnej „Hospicjum Domowe” w Poznaniu.\r\nOkres realizacji:01.02.2015 - 31.12.2015 r.;\r\n5) Ponadto Miasto przeprowadzało akcje prozdrowotne takie jak: festyn zdrowotny (2002-2015), Biała Sobota z okazji Światowego Dnia Chorego (2009-2015), Babskie Miasteczko, z okazji Dnia kobiet (2009-2011), w czasie których ok. 1200 mieszkańców (w każdym przedsięwzięciu) skorzystało m.in. z bezpłatnych badań: pomiary ciśnienia tętniczego krwi, badania poziomu cukru, cholesterolu i trójglicerydów oraz badanie EKG itp.', '1) Program zakładał wypracowanie odpowiedniego modelu organizacyjnego, który może mieć istotne znaczenie dla ograniczenia postępu choroby, śmiertelności i zmniejszenia kosztów leczenia. \r\nCelem przeprowadzonych działań była identyfikacja grupy osób szczególnie narażonych na rozwój niewydolności serca.\r\nW ramach programu, prowadzone były m. in. takie działania jak: edukacja grupowa chorych z niewydolnością serca oraz członków ich rodzin, edukacja indywidualna chorych w poradni, domowe wizyty pielęgniarskie do chorych będących w stanie ciężkim, telefoniczne porady konsultacyjne, szkolenie lekarzy pierwszego kontaktu, pielęgniarek oddziałowych i środowiskowych. W 2010 r. w ramach programu podjęto takie działania na rzecz edukacji chorych poprzez prowadzenie specjalistycznych konsultacji telefonicznych przez lekarzy. Opracowano publikację: Poznań Hart Failure Prevention Programme: dastolic dysfuncion In high-risk patients in primary care bazującą na wynikach badań uzyskanych podczas realizacji programu, która może mieć istotne znaczenie w profilaktyce, wczesnym rozpoznawaniu i leczeniu niewydolności serca;\r\n2) Celem programu było przeprowadzenie badań: elektrokardiograficznych, ultrasonograficznych oraz calcium scoring;\r\n3) Celem programu było wczesne wykrywanie tętniaków aorty brzusznej i piersiowej. Program był skierowany do poznaniaków  grup szczególnego ryzyka. Przeprowadzono ponadto działania promocyjne, edukacyjne;\r\n4) Celem jest przekazanie uczestnikom, wiedzy o czynnikach ryzyka chorób układu krążenia, a tym samym ich redukcję i natężenie. Program obejmuje 9 cykli szkoleniowo-edukacyjnych promujących zdrowy styl życia: niepalenia, prawidłowego odżywiania się, aktywności fizycznej. Każdy cykl obejmuje 8 warsztatów Karwio 60+. W czasie trwania programu zostanie opracowana i opublikowana broszura o czynnikach  ryzyka chorób układu krążenia, z wykorzystaniem materiałów szkoleniowych oraz książeczka samokontroli. W czasie zajęć serwowana będzie zdrowa przekąska;', '1) Ok.0,1% mieszkańców;\r\n2) Łącznie skorzystało  7375 osób tj. 1,34 % poznaniaków;\r\n3) Odbiorcami programu byli mieszkańcy Poznania w wieku od 40 r.ż. (w przypadku chorych na choroby tkanki łącznej od 20 r.ż.), u których badanie RTG i/lub echokardiograficzne (aorta piersiowa) oraz badanie USG (aorta brzuszna) wykazało jej poszerzenie ≥ 4 cm oraz pacjenci najwyższego ryzyka będący pod kontrolą lekarzy specjalistów, u których stwierdza się progresję poszerzenia aorty;\r\n4) 72 osoby (8 osób w każdym z 9 cykli szkoleniowych).', '1) Średnia liczba beneficjentów objętych programem to 500 osób rocznie.\r\n2) Dodatkowo uczestnicy programu brali udział w konsultacjach: dietetycznej (wydawano informację z zaleceniem diety) i internistyczno-kardiologicznej z propozycją dalszego postępowania profilaktyczno-leczniczego;\r\n3) W ramach programu pacjenci z grupy ryzyka byli kierowani do Szpitala Klinicznego Przemienienia Pańskiego w Poznaniu na badanie metodą rezonansu magnetycznego (MRI).\r\nŁącznie wykonano 161 badań;\r\n4) Uczestnicy zostaną przebadani w kierunku wczesnej identyfikacji osób z podwyższonym ryzykiem chorób układu krążenia oraz poddani dodatkowym badaniom, których celem będzie wykrycie i leczenie chorób układu krążenia.', 1),
(25, 'testowa', 'test', '3', '', '11-111', 'test', 'test', 'test', 'agata.emisja@gmail.com', 'test@test.pl', 'ttt', '555', 'ffff', 'fffff', 1);
INSERT INTO `competition_form` (`id`, `name`, `street`, `building_nr`, `flat_nr`, `post_code`, `city`, `first_name`, `last_name`, `email`, `phone`, `desc_time`, `desc_aim`, `desc_people`, `desc_efect`, `accept_1`) VALUES
(27, 'Gmina Milanówek', 'Kościuszki', '45', '', '05-822', 'Milanówek', 'Katarzyna', 'Wąsińska-Jano', 'oswiata@milanowek.pl', '604080562', '2014-2015 Poniżej przedstawiam dane za rok 2015', 'Cel główny\r\nZmniejszenie zachorowalności na choroby układu krążenia. Zmniejszenie kosztów związanych \r\nz leczeniem ambulatoryjnym i hospitalizacją oraz zwiększenie świadomości na temat zapobiegania chorobom układu krążenia. W zależności od możliwości finansowych gminy  działania z zakresu tego programu będą kontynuowane w latach następnych, tak by program przyniósł lepsze efekty.\r\nCele szczegółowe\r\n1.	Wczesne wykrycie i uświadomienie obecności czynników ryzyka związanych ze schorzeniami układu sercowo-naczyniowego.\r\n2.	Zwiększenie wykrywalności zachorowań i zmniejszenie umieralności z powodu chorób układu krążenia.\r\n3.	Zwiększenie poziomu wiedzy mieszkańców na temat przyczyn powstawania oraz możliwości zapobiegania chorobom układu krążenia.\r\n4.	Uświadomienie potrzeb zmian stylu życia i wdrażania zachowań prozdrowotnych.', '2% docelowej grupy mieszkańców tj. od 30 do 60 roku życia', '119 przebadanych osób i udzielonych konsultacji lekarskich w zakresie promocji zdrowia nt poprawy sposobu żywienia, zwiększania aktywności fizycznej, omówienia wyników.', 1),
(28, 'Powiat Bialski-Starostwo Powiatowe w Białej Podlaskiej', 'Brzeska', '41', '41', '21-500', 'Biała Podlaska', 'Anna', 'Jureczek', 'zdrowie@powiatbialski.pl', '83 351-13-42', 'Powiatowy program profilaktyki i promocji zdrowia w celu zmniejszenia zachorowalności i śmiertelności z powodu chorób układu krążenia wśród mieszkańców powiatu bialskiego „Razem dla Serca” realizowany był od 10 grudnia 2014 r. do 30.04.2016 r.', 'celem głównym projektu była edukacja zdrowotna mieszkańców oraz ułatwienie dostępu do specjalistycznej opieki zdrowotnej osobom z grupy podwyższonego ryzyka w zakresie chorób układu krążenia. Analiza obszarów problemowych wykazała, że głównym problemem zdrowotnym w powiecie bialskim są choroby układu krążenia stąd wybór tego obszaru do realizacji programu profilaktycznego. W ramach projektu dofinansowanego z Norweskiego Mechanizmu Finansowego 2009-2014 i budżetu państwa o wartości 1 720 400 zł zrealizowano I. Program profilaktyczny: Etap I - Wytypowanie grupy osób do badań profilaktycznych- pielęgniarki odwiedziły w domach odwiedzono 8053 mieszkańców powiatu bialskiego w wieku 40-60 lat, Etap II - Badania profilaktyczne( zakładany w projekcie wskaźnik 2 500 pacjentów- wskaźnik osiągnięty 2 510 pacjentów) - pobranie krwi oraz przekazywanie materiału do badań biochemicznych, RTG klatki piersiowej, Badanie EKG, Echokardiografia, Porada lekarska u lekarza kardiologa. Etap III – Wizyta kontrolna pielęgniarki – ankieta ewaluacyjna ( 2 500 pacjentów miało ponownie wykonane pomiar ciśnienia krwi, poziom cukru we krwi, BMI i wręczono każdemu aparat do mierzenia ciśnienia tętniczego) \r\nII. Edukacja zdrowotna i promocja zdrowia:\r\n1) spotkania  edukacyjne DIETETYKÓW z dziećmi i młodzieżą szkolną\r\n2) Przeprowadzenie profilaktycznych badań w kierunku otyłości u dzieci ze szkół podstawowych z terenu powiatu bialskiego \r\n3) Konkursy prozdrowotne dla dzieci w wieku przedszkolnym oraz uczniów szkół podstawowych, gimnazjalnych i średnich pod hasłem promującym zdrowy tryb życia „AKTYWNIE I ZDROWO\r\n4) Organizacja 4 pikników zdrowotnych  i 4 „BIEGÓW PO ZDROWIE” :\r\n5) Organizacja 3 konferencji\r\n6) Szkolenie edukacyjno-informacyjne dla pielęgniarek "Rola pielęgniarek we wczesnej profilaktyce chorób układu krążenia"\r\n7) Szkolenie edukacyjno-informacyjne dla lekarzy rodzinnych "Rola podstawowej opieki zdrowotnej we wczesnej profilaktyce chorób układu krążenia"\r\n8) Opracowanie dwóch publikacji podsumowujących badania w kierunku CHUK oraz ankiety i badania w kierunku otyłości u dzieci.  \r\nUdzielono nieodpłatnej licencji na użycie materiałów projektowych, tj. wyników ankiet i badań w kierunku otyłości u dzieci przeprowadzonych w ramach projektu dla uczelni wyższej tj. Akademii Wychowania Fizycznego Józefa Piłsudskiego w Warszawie, Filia w Białej Podlaskiej oraz nieodpłatnej  licencji na użycie materiałów projektowych, tj. wyników ankiet i badań w kierunku chorób układu krążenia przeprowadzonych w ramach projektu dla wyższej uczelni , tj. Państwowej Szkoły Wyższej im Papieża Jana Pawła II w Białej Podlaskiej. Trwają prace nad programem pilotażowym współorganizowanym wraz z Akademią Wychowania Fizycznego w Białej Podlaskiej pn.  „Powiatowy program walki z otyłością wśród dzieci i młodzieży” opracowany  na podstawie projektu i badań dodatkowych .', 'Powiat bialski – największy powiat w województwie (obejmuje 11% jego powierzchni) i trzeci co do wielkości w Polsce . Liczba ludności - 112 000 , liczba osób objętych projektem wg. osiągniętych wskaźników- 1. Profilaktyka chorób- 8053, 2. Edukacja zdrowotna-  30 673, łącznie programem objęto 38 726 osób, co stanowi 35%.', 'Projekt przyczynił się do osiągnięcia ogólnych celów Norweskiego Mechanizmu Finansowego 2009-2014 oraz rezultatów i celów Programu PL 13. Wskaźniki zostały osiągnięte. W ramach Projektu zakładano, że zostaną osiągnięte następujące wskaźniki rezultatu:\r\n•	Liczba osób uczestniczących w programach promocji zdrowia, łącznie \r\nz uczestnikami akcji promujących zdrowie – 14 000, osiągnięto wskaźnik 30 673. \r\n•	Liczba osób uczestniczących w programach profilaktyki chorób, łącznie \r\nz osobami poddanymi badaniom – 8 000, osiągnięto wskaźnik 8 053. \r\nWskaźnik- Liczba osób uczestniczących w programach profilaktyki chorób, łącznie z osobami poddanymi badaniom- 8053 -  w tym 5543 –osoby objęte badaniami przesiewowymi, nie skierowane do dalszej diagnostyki oraz 2510- osoby , które miały wykonane badania i porady specjalistyczne w kierunku CHUK\r\nWskaźnik - Liczba osób uczestniczących w programach promocji zdrowia, łącznie z uczestnikami akcji promujących zdrowie- 30 673- w tym 3386 - osoby objęte edukacją zdrowotną dietetyka i wypełniające ankietę dot. stylu odżywania oraz codziennej aktywności fizycznej\r\n1 506- osoby biorące udział w badaniach w kierunku otyłości\r\n392 – uczestnicy konkursów prozdrowotnych „AKTYWNIE I ZDROWO” \r\n274 - osoby uczestniczące w konferencjach \r\n30 - osoby uczestniczące w szkoleniu pielęgniarek\r\n30- osoby uczestniczące w szkoleniu lekarzy \r\n845- zawodnicy „BIEGU PO ZDROWIE”\r\n238 – porada dietetyka i ankietowani podczas „MIASTECZKA ZDROWIA”\r\n137- ankietowani do badania opinii pacjentów na temat \r\nprofilaktyki chorób układu krążenia w powiecie bialskim\r\n8 735 – pokwitowanie odbioru ulotek\r\n15 000 - pokwitowanie odbioru broszury\r\n50 szt.- pokwitowanie odbioru publikacji podsumowującej ankiety i badania w kierunku otyłości u dzieci\r\n50 szt.- pokwitowania odbioru publikacji podsumowującej ankiety i badania w kierunku CHUK', 1),
(29, 'Miasto Józefów', 'Kardynała Wyszyńskiego', '1', '', '05-420', 'Józefów', 'Daria', 'Olifirowicz', 'd.olifirowicz@jozefow.pl', '22 779 00 41', 'Program realizowany jest od lipca 2014 r. W 2015 r. od marca do grudnia była organizowana jego II edycja, natomiast od sierpnia 2016 r. Miasto prowadzi III edycję (tak późne rozpoczęcie programu zarówno w 2014 r. jak i 2016 r. spowodowane było obowiązkiem uzyskania opinii AOTMiT. W 2014 r. i 2015 r. adresatami programu były osoby powyżej 50 rż, natomiast od 2016 r. - 40 rż. Ponadto po dwóch latach trwania programu Miasto, biorąc pod uwagę opinie mieszkańców oraz podmiotów leczniczych będących realizatorami programu, do programu dodało drugą wizytę po wykonaniu wszystkich zleconych badań. Powyższe zmiany istotnie wpłynęły na program, stąd zaistniał obowiązek uzyskania opinii AOTMiT w 2016 r.)', 'Celem programu jest zwiększenie dostępności do świadczeń z zakresu kardiologii tj. porad lekarskich i badań specjalistycznych dla mieszkańców Miasta Józefowa. Program został wdrożony ze względu na wielomiesięczne kolejki oczekujących na wizyty do kardiologa w ramach NFZ oraz corocznie zgłaszane przez SP ZOZ Przychodnia Miejska w Józefowie nadwykonania, które nie zawsze były uznawane przez NFZ. W ramach programu mieszkańcy Józefowa mogą skorzystać z wizyty lekarskiej oraz badań: echo serca lub/i 24-godz. Holter EKG.Każda osoba, która ukończyła 40 rok życia i jest mieszkańcem Gminy Józefów może się zgłosić na wizytę do lekarza specjalisty sprawującego opiekę lekarską w siedzibie realizatora.Następnie w zależności od wskazań będzie założony 24-godz. Holter EKG lub zrobione echo serca. Na ponownej, drugiej wizycie na podstawie badań i załączonej dokumentacji zostanie postawiona diagnoza i opracowany dalszy plan leczenia. Mieszkańcy o programie są informowani  poprzez ogłoszenie zamieszczone: w bezpłatnym miesięczniku Józefów nad Świdrem, w siedzibach realizatorów programu oraz na ich stronach internetowych.', 'W 2014 r. udzielono 627 porad lekarskich, 582 ech serca oraz 160 holterów EKG przy 6000 -nej populacji, w 2015 r. przebadano 622 osoby (zrobiono 559 ech oraz 301 holterów) - co stanowi około 11% ogółu mieszkańców powyżej 50 rż. Liczba wykonanych świadczeń zależna jest od środków przeznaczonych na realizację programu (wykorzystano 95% przyznanych środków na realizację programu).\r\nW 2016 r. wykonano 87 porad, 48 ech serca  oraz 28 Holterów co stanowi około 2% mieszkańców powyżej 40 roku życia. Tak mały procent jest spowodowany późnym rozpoczęciem programu ze względu na konieczność uzyskania opinii AOTMiT.', 'Od 03. 2015 r. do 30.09.2016 r. przebadano 709 osób, wykonano 607 ech serca oraz 329 24-godz. Holterów EKG. U około 72% osób wykryto nadciśnienie tętniczne, ponad 50% miało dyslipidemię, a około 75% nadwagę lub otyłość. U 15% stwierdzono chorobę wieńcową, 20% miało arytmię. Przy okazji programu stwierdzono kilka nagłych przypadków, wymagających natychmiastowej hospitalizacji.', 1),
(30, 'Urząd Miasta Legionowo', 'marsz. Józefa Piłsudskiego', '41', '', '05-120', 'Legionowo', 'Ewa', 'Milner-Kochańska', 'zdrowie2@um.legionowo.pl', '22 766 40 08', 'W ramach Miejskiego Programu Promocji Zdrowia w roku 2015 i 2016 prowadzony jest PROGRAM ZDROWOTNY\r\n „DBAMY O ZDROWIE NASZYCH SENIORÓW” KONSULTACJE KARDIOLOGICZNE \r\nWRAZ Z PODSTAWOWĄ DIAGNOSTYKĄ\r\n DLA MIESZKAŃCÓW W WIEKU 50 PLUS.\r\nW ramach diagnostyki: badanie EKG, \r\nbadanie poziomu cholesterolu, glukozy, \r\nelektrolitów we krwi.', 'CEL PROGRAMU:\r\nzmniejszenie przedwczesnej \r\numieralności na choroby \r\nsercowo-naczyniowe.', 'Jest to 0,65 % mieszkańców w wieku 50 plus.', 'Zwiększenie dostępności do świadczeń kardiologicznych, sprawna organizacja skutkująca terminowym dostępem do specjalistycznych świadczeń zdrowotnych.\r\nNiższa zachorowalność na chorobę wieńcową, nadciśnienie, udar, cukrzycę, nowotwory.\r\nW ramach diagnostyki: badanie EKG, \r\nbadanie poziomu cholesterolu, glukozy, \r\nelektrolitów we krwi.', 1),
(31, 'Gmina Kcynia', 'Rynek', '23', '205', '89-240', 'KCYNIA', 'Ewa', 'Hałas', 'ewa.halas@kcynia.pl', '5 589 37 30', 'Program zdrowotny Gminy Kcynia jest na tyle szeroki, na ile pozwalają środki budżetowe oraz pozabudzetowe pozyskiwane z innych źródeł jak np. samorząd województwa. Choć nasza gmina jest mała liczy ok. 14 tys. mieszkańców, społeczeństwo jest zdecydowanie w wieku poprodukcyjnym, a więc działania z zakresu profilaktyki chorób układu sercowo-naczyniowego są wręcz koniecznością. Nasz program to nie tylko jednorazowa akacja, ale wiele wiele działań rozłożonych w czasie na przestrzeni lat.', 'W miarę posiadanych możliwości finansowych organizujemy różnego rodzaju akcje profilaktyczne skierowane do naszych mieszkańców. Informujemy o nich za pomocą strony internetowej www.kcynia.pl zakładka promocja zdrowia po lewej stronie menu. Ponadto przygotowujemy plakaty informacyjne, które rozwieszane są w mieście i w sołectwach. Informacje przekazujemy za pośrednictwem zaprzyjaźnionych rozgłośni radiowych Radio Nakło oraz Radio Żnin, tak by objąć jak największą liczbę zainteresowanych i dotrzeć do nich wszystkimi możliwymi kanałami informacyjnymi. Wysyłamy również sms za pośrednictwem systemu informacyjnego KISS - bezpłatny serwis informacji gminnych w którego bazie mamy obecnie ok. 600 numerów (600 x 4 osoby w rodzinie docieramy statystycznie do ok. 2.500 odbiorców). Podejmowane działania w kierunku profilaktyki chorób sercowo - naczyniowych obejmowały w 2015 i w 2016 roku: akcje bezpłatnych badań dla mieszkańców, sprawdzany był poziom cukru we krwi, cholesterol, kwas moczowy w krwi i oczywiście ciśnienie krwi. Ponadto zrealizowaliśmy spotkanie z dietetyczką, która sprawdzała BMI i poziom tkanki tłuszczowej oraz wody w organizmie. Omawiała z każdym z osobna dietę i zmiany, jakie należy wdrożyć by chronić serce przed zawałem i chorobami. Akcje bezpłatnych badań na przestrzeni tych 2 lat realizowaliśmy aż 14 krotnie. Ponadto podczas większości festynów wiejskich mających miejsce w okresie letnim, w tym także podczas tzw. Dni Kcyni a więc święta miasta, ustawione było stoisko przy którym pielęgniarki wykonywały bezpłatne opisane wcześniej badania. Mieszkańcy sołectw chętnie z nich korzystali. Ważnym działaniem jest również profilaktyka w naszym przypadku obejmująca bezpłatne działania aktywizujące ruchowo mieszkańców głównie seniorów. W 2016 roku w okresie od marca do czerwca odbywały się marsze nordic - walking z instruktorem, w którym udział brało każdorazowo ok. 30 osób (głównie seniorzy). Odbywał się także fitness z gimnastyką korekcyjną oraz pilattes dla pań w wieku 40+. Zorganizowaliśmy spotkanie w klubie aktywnego seniora skupiającym ok. 50 osób z fizjoterapeutką, która również nawiązywała w swoim wykładzie do kwestii związanych z aktywnością fizyczną, odpowiednio dobraną dietą i troską o sprawy sercowo - naczyniowe.', 'W przeprowadzanych przez nas akcjach udział wzięło łącznie ok 2.100 osób a więc 15% mieszkańców gminy. Wiadomo, iż niektóre osoby korzystały z badań kilkukrotnie, jednak i tak jest to dla nas ogromny sukces.', 'Efektem prowadzonych przez nas działań jest aktywizacja mieszkańców. Zachęcenie ich do aktywności fizycznej, jak również do samokontroli i badań profilaktycznych. Wiele działań jakie podejmujemy obejmuje już dzieci w wieku przedszkolnym i wczesnoszkolnym - warsztaty dietetyki dla najmłodszych, warsztaty zdrowego gotowania, zabawy takie jak szkółka piłkarka dla najmłodszych, zumba, fitness, modern jazz, judo, karate itp. Liczymy na to, iż aktywność i zachęcanie do zdrowego stylu życia od najmłodszych lat zaowocuje zdrowszym społeczeństwem za kilkadziesiąt lat. Wszystkie działania są bezpłatne finansowane z budżetu gminy oraz z środków, które pozyskujemy w ramach dotacji np. program szczepień przeciwko HPV czy też PNEUMOKOKOM, które współrealizujemy z samorządem województwa i PPIS. Co roku nasze działania są poszerzane o nowe. Przed nami cykl spotkań z lekarzami specjalistami w tym z kardiologiem oraz kolejne akcje profilaktyczne.', 1),
(40, 'Gmina Miejska Kraków -Urząd Miasta Krakowa', 'Al. Powstania Warszawskiego ', '10', 'p.405', '31-549', 'Kraków', 'Michał', 'Marszałek', 'bz.umk@um.krakow.pl', '12 6169496, 12 6', 'Gmina Miejska Kraków od wielu lat realizuje działania zwiększające  świadomość mieszkańców na temat konieczności dbania o własne zdrowie, szczególnie \r\nw odniesieniu do profilaktyki  kardiologicznej oraz mające na celu uświadomienie ryzyka, jakie niesie za sobą brak działań prewencyjnych dotyczących schorzeń układu krążenia, a także  uświadamiające możliwości ograniczania i eliminowania tych czynników . Wszelkie inicjatywy podejmowane w zakresie ochrony zdrowia i profilaktyki w Gminie Miejskiej Kraków miały znaczący wpływ na propagowanie wśród mieszkańców Krakowa zdrowego stylu życia, co ma wpływ na ograniczanie zachorowalności na schorzenia układu sercowo-naczyniowego. Najczęstszą przyczyną zgonów w skali kraju, ale i także województwa małopolskiego oraz samego Krakowa są właśnie choroby układu krążenia. Najbardziej istotne elementy polityki zdrowotnej Gminy Miejskiej Kraków i  kierunki działania w zakresie poprawy stanu zdrowia mieszkańców, zaspokojenia ich potrzeb zdrowotnych oraz organizacji opieki zdrowotnej zawarte są w Miejskim Programie Ochrony Zdrowia „Zdrowy Kraków”. Wśród najważniejszych działań w Gminie Miejskiej Kraków realizowanych w zakresie profilaktyki chorób układu sercowo-naczyniowego należy wymienić następujące: \r\n\r\n 	\r\n1. Program prewencji otyłości, cukrzycy typu 2, nadciśnienia i miażdżycy, realizowany nieprzerwanie w latach 2004-2016 w ramach kolejnych trzyletnich edycji Miejskiego Programu Ochrony Zdrowia „Zdrowy Kraków” (aktualnie w ramach Miejskiego Programu Ochrony Zdrowia: „Zdrowy Kraków 2016-2018”). W roku 2015 w Programie brało udział 12 ośrodków, głównie zespołów podstawowej opieki zdrowotnej lub praktyk lekarza rodzinnego.  Do udziału w programie kwalifikowani byli mieszkańcy Krakowa, którzy nie brali dotychczas udziału \r\nw Programie, a którzy ukończyli 25 rok życia i u których do chwili badania nie stwierdzano cukrzycy ani miażdżycy i jej sercowo naczyniowych powikłań. Pierwszy etap polega na identyfikacji osób z cukrzycą typu 2, upośledzoną tolerancją glukozy lub nieprawidłowym lipidogramem. W celu identyfikacji osób z zaburzeniami gospodarki węglowodanowej  wykonywany był dwuetapowo - w pierwszym etapie oceniano stopień narażania badanej osoby na rozwój w przyszłości cukrzycy w oparciu o badanie kwestionariuszowe oraz proste pomiary antropometryczne i głównie na tej podstawie kwalifikowano do testu doustnego obciążenia glukozą.  W etapie tym przeprowadzano badanie kwestionariuszowe dotyczące występowania u badanego nadciśnienia, uzależnienia od tytoniu, występowania cukrzycy i miażdżycy w rodzinie oraz występowania zaburzeń tolerancji węglowodanów w przeszłości. Osoby, u których w trakcie realizacji programu rozpoznano po raz pierwszy cukrzycę kończyły na tym etapie udział w programie. Dalsze ich leczenie prowadzone było w ramach świadczeń finansowanych przez NFZ. Osoby u których rozpoznano upośledzoną tolerancję glukozy i/lub nieprawidłowy lipidogram i które wyraziły chęć udziału w dalszych etapach programu przechodziły do etapu II programu. Etap ten polega na przeprowadzeniu 4 indywidualnych spotkań z edukatorem. Etap III programu polegał na kontroli efektów osiągniętych w trakcie etapu II. Osoby, które podlegały szkoleniu modyfikującemu styl życia z powodu nieprawidłowego lipidogramu miały wykonywane kontrolne po 3 miesiącach realizacji zmian stylu życia. U osób z upośledzoną tolerancją glukozy kontrolny test doustnego obciążenia glukozą wykonywany jest po upływie roku od pierwszego testu.       Informacja o Programie rozpowszechniana jest w Biuletynie Informacji Publicznej Miasta Krakowa, w lokalnych mediach, w tym prasa, radio, TV, strony internetowe, w tym Magiczny Kraków oraz miejski dwutygodnik „Krakow.pl”, a także w formie plakatów i ulotek informacyjnych rozpowszechnianych w różnych lokalizacjach Krakowa. \r\n\r\n2. Program zdrowotny w zakresie prewencji i wykrywania chorób układu krążenia w populacji mieszkańców województwa małopolskiego skierowany do mieszkańców Miasta Krakowa, realizowany nieprzerwanie w latach 2014-2016. Program uwzględnia różne formy działań, w tym badania diagnostyczne, np. pomiar ciśnienia tętniczego, (BMI), pomiar rytmu serca, pomiar glukozy, lipidogram, porady edukacyjne. W projekcie wzięło udział 5 Jednostek Obwodowych tj. 5 Oddziałów Kardiologicznych. Każda Jednostka Obwodowa do udziału w Programie zrekrutowała po trzydziestu pacjentów. Łącznie do Programu zostało zakwalifikowanych 150 pacjentów, po 30 osób z każdej z pięciu Jednostek Obwodowych.\r\nKryterium włączenia do Programu było występowanie u pacjenta choroby niedokrwiennej serca i hospitalizacja w wylosowanym do badania Oddziale Kardiologicznym.  Pacjenci byli proszeni o wypełnienie IV części Zeszytu Oceny Ryzyka oraz Wiedzy Pacjenta. Nauczyciel Prewencji wypełniał część I, II, III Zeszytu na podstawie wywiadu (dotyczącego palenia tytoniu, stosowanych leków), wykonanych badań laboratoryjnych (glukoza, lipidogram) oraz pomiarów (wzrost, masa ciała, BMI, obwód pasa, ciśnienie tętnicze, tętno).Pacjenci z grupy I i II zostali zaproszeni na szkolenia - każda Jednostka przeprowadziła po 2 szkolenia dla 10-osobowych grup pacjentów. Szkolenia miały charakter interaktywny, zostały przeprowadzone przez certyfikowanych Nauczycieli Prewencji na podstawie materiałów przygotowanych przez Jednostkę Centralną-Koordynującą. Każdy pacjent otrzymał podręcznik pt. „Lepiej zapobiegać niż leczyć” pod redakcją prof. dr. hab. med. Piotra Podolca. \r\n\r\n3. Światowy Dzień Serca organizowany co roku w ramach obchodów Krakowskich Dni Zdrowia i od dwóch lat w ramach Małopolskich Dni Profilaktyki Zdrowia w Krakowie. W roku 2015 w dn. 27 września odbyła się w Krakowie jego XIV edycja, w roku 2016 obchody odbyły się w dniu 25 września pod patronatem Jacka Majchrowskiego, Prezydenta Miasta Krakowa. Przedsięwzięcie to ma na celu upowszechnianie podstawowej wiedzy o schorzeniach serca \r\ni naczyń oraz o możliwościach leczenia i profilaktyki. Promuje aktywność fizyczną i służy promocji zdrowego stylu życia oraz zapobieganiu chorobom kardiologicznym, wskazując na najważniejsze zagrożenia zdrowia w XXI wieku, takie jak miażdżyca, nadciśnienie tętnicze, otyłość, stres i depresja. W ramach tej akcji wykonywane są bezpłatne badania kardiologiczne \r\ni inne badania diagnostyczne dla wszystkich mieszkańców Krakowa. W punktach medycznych zlokalizowanych na płycie Rynku Głównego dla mieszkańców Krakowa stworzono możliwość skorzystania również z porad kardiologów, kardiochirurgów, dietetyków, techników medycznych i pielęgniarek. Jeden z punktów medycznych działał w zakresie kardiologii dziecięcej. Prezydent Miasta Krakowa współorganizuje corocznie tę akcję medyczną wraz z Polskim Towarzystwem Kardiologicznym-Oddziałem Krakowskim i Marszałkiem Województwa Małopolskiego. Przekaz medialny realizowany jest corocznie w lokalnych mediach w lokalnych mediach: prasa, radio, TV, strony internetowe, oraz dwutygodnik miejski „Kraków.pl” oraz na stronach Biuletynu Informacji Publicznej Miasta Krakowa, Magiczny Kraków, plakaty, różnorodne ulotki itp. W punktach medycznych i na stoisku organizacyjnym rozpowszechniany był ponadto bezpłatny poradnik pt. „Abecadło profilaktyki. Czynniki ryzyka chorób układu krążenia” opracowany dla mieszkańców na podstawie wytycznych Europejskiego Towarzystwa Kardiologicznego i Polskiego Forum Profilaktyki Chorób Układu Krążenia pod redakcją prof. dr hab. med. P. Podolca. Tegoroczny Światowy Dzień Serca realizowany był pod przewodnimi hasłami: „Pamiętaj o sercu. Miej serce dla serca. Zawalcz o swoje serce”. Impreza prowadzona była przez znanych redaktorów, a wspólne świętowanie uatrakcyjniały występy krakowskich artystów i zespołów muzycznych. Uroczystości obchodów Światowego Dnia Serca corocznie gromadzą w Rynku Głównym ok. 50-70 tys. mieszkańców, a we wstępnym podsumowaniu tegorocznych obchodów Światowego Dnia Serca  brało udział 80 tys. mieszkańców, co stanowi ok. 10,5 % ogółu mieszkańców Krakowa.\r\n\r\n4. XIV edycja „Krakowskich Dni Zdrowia”, które w bieżącym roku zrealizowane zostały \r\nw ramach współpracy Prezydenta Miasta Krakowa i Marszałka Województwa Małopolskiego jako „Małopolskie Dni Profilaktyki Zdrowia w Krakowie”, a w ramach których w Urzędzie Miasta Krakowa zorganizowano w dniu 27 września 2016 r. II Małopolską Konferencję Profilaktyki Zdrowia pn.” Profilaktyka zdrowotna w praktyce zawodowej lekarza podstawowej opieki zdrowotnej. W tej konferencji uczestniczyło ok. 100 przedstawicieli środowisk medycznych, samorządowych itp., co stanowi ok. 0,01% ogółu mieszkańców Krakowa. W ramach sesji naukowych m.in. omówiono znaczącą rolę podstawowej opiekizdrowotnej w promowaniu właściwych postaw zdrowotnych wśród pacjentów,a także wskazania trudności oraz możliwości realizacji zaleceń profilaktycznych w codziennej zawodowej praktyce lekarza rodzinnego, który jest pierwszym ogniwem systemu ochrony zdrowia w Polsce. Ponadto, w części referatowej konferencji zostały zaprezentowane przykłady dobrych praktyk oraz skuteczne kierunki rozwoju edukacji zdrowotnej, wspomagającej proces leczenia, w tym również w obszarze kardiologii i innych schorzeń cywilizacyjnych .\r\n        W ramach Tygodnia Profilaktycznego w Małopolsce trwającego od 24 września br. do \r\n1 października br. stworzono możliwość wykonania bezpłatnych badań profilaktycznych, w tym w dniu 24 września na stanowiskach punktów medycznych zlokalizowanych na płycie Rynku Głównego (Biała Sobota) możliwość bezpłatnych badań diagnostycznych, w tym: pomiaru ciśnienia tętniczego, pomiaru rytmu serca, pomiaru glukozy, lipidogram oraz konsultacji lekarskich w tym zakresie. Oferta bezpłatnych badań profilaktycznych dostępna była również w dniu 25 września br. w ramach Światowego Dnia Serca (echo serca, EKG, oznaczenie poziomu cholesterolu, oznaczenie poziomu cukru, oznaczenie ciśnienia tętniczego, oznaczenie wagi ciała oraz BMI). \r\n\r\n5. Bezpłatne badania profilaktyczne dla mieszkańców Krakowa w dniach 10 września (sobota) i 11 września (niedziela) br. w 3 lokalizacjach Miasta: aleja Róż, Plac Szczepański i Rynek Podgórski. Medyczne namioty ustawione na placu Szczepańskim, alei Róż i Rynku Podgórskim przez dwa dni  oferowały  szereg profilaktycznych badań i specjalistycznych porad. Profesjonalną obsługę zapewnił wykwalifikowany personel medyczny. Wykonywane będą m.in.: badania spirometryczne, konsultacje pulmonologiczne oraz badania poziomu cholesterolu całkowitego, poziomu cukru, ciśnienia tętniczego i konsultacje lekarskie.  Nieodpowiedni tryb życia może się przyczynić do rozwoju chorób układu krążenia oraz chorób układu oddechowego i innych chorób cywilizacyjnych. Specjaliści oprócz wspomnianych badań udzielali fachowych porad i wskazówek odnośnie  zapobiegania chorobom cywilizacyjnym. Pacjenci wraz ze swoimi wynikami otrzymali  materiały edukacyjne. Informacja o akcji rozpowszechniona była w Biuletynie Informacji Publicznej Miasta Krakowa, \r\nw lokalnych mediach, w tym prasa, radio TV oraz miejski dwutygodnik Krakow.pl, a także \r\nw formie plakatów, ulotek, citylightów, informacji w TV busa, rozpowszechnionych w różnych lokalizacjach Krakowa.\r\n6. W Gminie Miejskiej Kraków szereg działań zrealizowano w formie konferencji szkoleniowo-informacyjnych dot. chorób układu sercowo-naczyniowego m.in. :\r\n  \r\n1)	Międzynarodowa konferencja „CRACOV VASCULAR SUMMIT 2015 -INTERNATIONAL MEETING FOR PROGRES IN EDOVASCULAR THERAPIES, zorganizowana w dniach 9-10 października 2015 r. w ramach drugiej edycji Krakowskiego Szczytu Chirurgii Naczyniowej „CRACOV VASCULAR SUMMIT 2015”, stanowiąca kontynuację międzynarodowej współpracy w zakresie istotnego problemu medycznego, jakim jest rozpoznawanie i leczenie chorób tętnic obwodowych. Konferencja z uwagi na istotę problematyki związaną ze schorzeniami serca i układu naczyniowego objęta była honorowym patronatem Jacka Majchrowskiego - Prezydenta Miasta Krakowa, a także honorowym patronatem Pana Marka Sowy – Marszałka Województwa Małopolskiego. Dwudniowa konferencja miała charakter interdyscyplinarny, a do uczestnictwa w niej zaproszono  specjalistów w zakresie chorób wewnątrznaczyniowych, w tym chirurgów naczyniowych, kardiologów interwencyjnych, radiologów oraz innych przedstawicieli zawodów medycznych zaangażowanych  w leczenie pacjentów cierpiących na choroby tętnic obwodowych oraz choroby żylne. Oddzielna sesja dotyczyła poważnych powikłań oraz omówieniu i wymianie praktycznych informacji związanych  z technikami wewnątrznaczyniowymi. Przedsięwzięcie stworzyło bardzo dobre warunki do \r\nwymiany cennych doświadczeń i podzielenia się najbardziej aktualną wiedzą  \r\no najnowocześniejszych terapiach, a także o trwających i planowanych próbach klinicznych w zakresie zabiegów wewnątrznaczyniowych, z udziałem przedstawicieli różnych środowisk medycznych tworzących interdyscyplinarny zespół praktykujących specjalistów i naukowców z Europy Wschodniej, Zachodniej oraz z Ameryki Północnej. W konferencji uczestniczyło ok. 200 osób, co stanowi ok. 0,02 % ogółu mieszkańców Krakowa (761 873 mieszkańców Krakowa - wg danych GUS na koniec 2014 r.).\r\n2)	Ogólnopolska Konferencja Sekcji Niewydolności Serca PTK, zorganizowana \r\nw Krakowie w dniach 11-12 czerwca 2015 r., w ramach której omówiono zagadnienia związane z problematyką diagnostyki i terapii niewydolności serca, w związku \r\nz odnotowywanym wzrostem zachorowalności w tym zakresie. Multidyscyplinarny charakter przedsięwzięcia stworzył znakomite warunki do wymiany doświadczeń przedstawicieli różnych środowisk opieki zdrowotnej w Polsce oraz krakowskiego środowiska medycznego, w tym kardiologów i kardiochirurgów, internistów, lekarzy rodzinnych, pielęgniarek, a także możliwość odniesienia się uczestników do problematyki niewydolności serca nie tylko w wymiarze ogólnopolskim, ale również \r\nw wymiarze europejskim. W ramach planowanych sesji  naukowych zaprezentowano \r\ni poddano dyskusji m.in. kwestie dot. interwencji u pacjentów z ciężką niewydolnością serca, nowych lekówi kontrowersji w leczeniu niewydolności serca, mechanicznego wspomagania układu krążenia, opieki ambulatoryjnej, opieki pielęgniarskiej \r\ni rehabilitacji. Konferencja oceniona była jako cenna inicjatywa, która przyczyniła się nie tylko do poprawy opieki i terapii nad osobami, u których zdiagnozowano niewydolność serca, ale również miała wpływ na usprawnienia w zakresie procesu diagnozowania tego rodzaju schorzeń. W konferencji uczestniczyło ok. 100 osób, co stanowi ok. 0,01 % ogółu mieszkańców Krakowa.\r\n\r\n\r\n', 'Do działań realizowanych nieprzerwanie od wielu lat należy zaliczyć Telefon Całodobowej Informacji Medycznej (tel. 12 661 22 40), udzielający informacji i porad \r\nw zakresie dostępnych świadczeń zdrowotnych na terenie Gminy Miejskiej Kraków, w tym w zakresie świadczeń kardiologicznych w przypadkach schorzeń serca, układu naczyniowego i schorzeń miażdżycowych. Usługa całodobowej informacji realizowana jest 7 dni w tygodniu, całą dobę. Bezpłatne informacje, przez całą dobę i we wszystkie dni tygodnia, udzielane są na temat adresów i numerów telefonów świadczeniodawców wraz ze wskazaniem rodzaju udzielanych świadczeń medycznych, w tym w zakresie chorób układu sercowo-naczyniowego w ramach m.in. podstawowej opieki zdrowotnej, specjalistycznej opieki ambulatoryjnej, pomocy doraźnej (medycyna ratunkowa), opieki całodobowej, leczenia szpitalnego, rehabilitacji leczniczej, opieki długoterminowej (zakłady opiekuńczo-lecznicze i zakłady pielęgnacyjno-opiekuńcze), adresów i numerów telefonów realizatorów programów polityki zdrowotnej z zakresu profilaktyki i promocji zdrowia, organizacji pozarządowych działających na terenie Miasta Krakowa z zakresu ochrony zdrowia, oraz udzielania informacji o dostępności do usług zdrowotnych Nadzór nad działalnością Całodobowego Telefonu Informacji Medycznej sprawuje Biuro ds. Ochrony Zdrowia Urzędu Miasta Krakowa. Informacja o Całodobowym Telefonie Informacji Medycznej \r\ndot. dostępnych świadczeń zdrowotnych na terenie Gminy Miejskiej Kraków jest rozpowszechniana za pomocą ulotek oraz na stronach internetowych Urzędu Miasta Krakowa i Biuletynie Informacji Publicznej Miasta Krakowa. Miesięcznie średnio udzielane są informacje dla ponad 10 500  osób, co stanowi ok. 1,44% ogółu mieszkańców w każdym miesiącu. Ogółem w roku 2015 udzielono informacje dla 126 107 osób tj. 16,6 % ogółu mieszkańców Miasta Krakowa.\r\nInformacja o akcji rozpowszechniona była w Biuletynie Informacji Publicznej Miasta Krakowa, \r\nw lokalnych mediach, w tym prasa, radio TV oraz miejski dwutygodnik Krakow.pl, a także \r\nw formie plakatów, ulotek, citylightów, informacji w TV busa, rozpowszechnionych w różnych lokalizacjach Krakowa.\r\n', 'W ramach Programu  prewencji otyłości, cukrzycy typu 2, nadciśnienia i miażdżycy\r\nW roku 2015 w programie przebadano łącznie 2 030 osób, w tym: \r\n-	etap I –1602\r\n-	etap II –300\r\n-	etap III –128, co stanowi ok. 0,3 % ogółu mieszkańców Krakowa\r\nKoszt Programu w roku 2015 wynosił: 96 783 zł          \r\n\r\n\r\nW ramach Programu zdrowotnego w zakresie prewencji i wykrywania chorób układu krążenia w populacji mieszkańców województwa małopolskiego skierowany do mieszkańców Miasta Krakowa przebadano 188 osób tj. 0,02% mieszkańców Miasta Krakowa. Koszt świadczeń zdrowotnych zrealizowanych w ramach Programu w roku 2015 wynosił:  18 800 zł, a na pozostałe usługi przeznaczono kwotę 55 154 zł.\r\n\r\n       W roku 2015 na programy polityki zdrowotnej wydatkowano kwotę 1 363 483 zł. Z badań skorzystało ok. 30 000 mieszkańców Miasta Krakowa tj. 4 % ogółu mieszkańców Miasta Krakowa   \r\n', '    Ogółem środki finansowe na realizację programów zdrowotnych w ramach Miejskiego Programu Ochrony Zdrowia przeznaczone na lata 2013-2015 wynosiły 3 611 000 zł. W ramach realizowanych programów przebadano ok. 78 000 mieszkańców. Programy polityki zdrowotnej realizowało 60 podmiotów leczniczych na terenie Miasta Krakowa na podstawie zawartych ponad 100 umów o świadczenie usług zdrowotnych. W roku 2015 na programy polityki zdrowotnej wydatkowano kwotę 1 363 483 zł. Z badań skorzystało ok. 30 000 mieszkańców Miasta Krakowa . W roku 2016 planuje się przebadać ok. 35 000 mieszkańców Miasta Krakowa.\r\n\r\nW ramach Programu Prewencji miażdżycy, cukrzycy typu 2 , nadciśnienia i otyłości Program był realizowany wieloetapowo .W celu identyfikacji osób z zaburzeniami gospodarki węglowodanowej  wykonywany był dwuetapowo - w pierwszym etapie oceniano stopień narażania badanej osoby na rozwój w przyszłości cukrzycy w oparciu o badanie kwestionariuszowe oraz proste pomiary antropometryczne i głównie na tej podstawie kwalifikowano do testu doustnego obciążenia glukozą.  W etapie tym przeprowadzano badanie kwestionariuszowe dotyczące występowania u badanego nadciśnienia, uzależnienia od tytoniu, występowania cukrzycy i miażdżycy w rodzinie oraz występowania zaburzeń tolerancji węglowodanów w przeszłości. Osoby, u których w trakcie realizacji programu rozpoznano po raz pierwszy cukrzycę kończyły na tym etapie udział w programie. Dalsze ich leczenie prowadzone było w ramach świadczeń finansowanych przez NFZ. Osoby u których rozpoznano upośledzoną tolerancję glukozy i/lub nieprawidłowy lipidogram i które wyraziły chęć udziału w dalszych etapach programu przechodziły do etapu II programu. Etap ten polega na przeprowadzeniu 4 indywidualnych spotkań z edukatorem. Etap III programu polegał na kontroli efektów osiągniętych w trakcie etapu II. Osoby, które podlegały szkoleniu modyfikującemu styl życia z powodu nieprawidłowego lipidogramu miały wykonywane kontrolne po 3 miesiącach realizacji zmian stylu życia. U osób z upośledzoną tolerancją glukozy kontrolny test doustnego obciążenia glukozą wykonywany jest po upływie roku od pierwszego testu. \r\nPacjenci, u których wykryto nieprawidłowości kierowani są do leczenia w ramach NFZ.', 1),
(41, 'Urząd Miasta Jarosławia', 'Rynek', '1', '', '37-500', 'Jarosław', 'Lesław', 'Strohbach', 'leslaw.strohbach@um.jaroslaw.pl', '166248769', 'W ramach programu poprawy bezpieczeństwa mieszkańców miasta "Bezpieczny Jarosław" od 2013 r prowadzona jest akcja bezpłatnych badań medycznych pod nazwą "Ulica zdrowia". Od kwietnia do października w każdy pierwszy wtorek miesiąca mieszkańcy miasta mogą skorzystać z następujących badań : słuchu, stóp, poziomu glukozy we krwi, poziomu cholesterolu, ciśnienia tętniczego, dna oka,  z porad masażysty, rehabilitanta, dietetyka, punkt informacyjny dla kobiet prowadzą "Jarosławskie Amazonki", prowadzona jest rekrutacja dawców szpiku. Można również oddać krew w mobilnym punkcie poboru, prowadzonym przez Regionalne Centrum Krwiodawstwa i Krwiolecznictwa w Rzeszowie. W 2014 r braliśmy udział w Pilotażowym programie wykrywania wirusowego zapalenia wątroby typu C.', 'Celem prowadzenia akcji  jest przede wszystkim edukacja prozdrowotna mieszkańców. Ponieważ badania lekarskie są elementem profilaktycznej ochrony zdrowia oraz mają też dać odpowiedź, jaki jest stan zdrowia badanego, aby ułatwić mieszkańcom dostęp do badań medycznych oraz udostępnić i upowszechnić je, zorganizowana została „Ulica zdrowia”. Kilka dni przed akcją umieszczany jest baner na ulicy Grodzkiej w Jarosławiu, gdzie odbywają się badania, cyklicznie na stronie internetowej urzędu znajduje się informacja o terminie akcji, lokalne media również umieszczają stosowną informację. Wszystkie dane dot. kolejnych terminów akcji „Ulica zdrowia”, ilości osób przebadanych oraz dokumentacja fotograficzna  znajdują się na stronie : www.jaroslaw.pl/programy-profilaktyczne', 'Program jest adresowany do dorosłych mieszkańców miasta, rocznie korzysta ok. 7 % osób', 'Ilość osób korzystających z badań – ok. 2100 rocznie, przez całą edycję przebadało się ponad 8 tys. osób. W programie wykrywania WZW typu C przebadało się 510 osób, u jednej osoby wykryto obecność przeciwciał anty HCV.', 1),
(42, 'Urząd Miasta Kędzierzyn-Koźle', 'Piramowicza ', '32', '', '47-200', 'Kędzierzyn-Koźle', 'Maja ', 'Mrożek-Dobber', 'maja.mrozek@kedzierzynkozle.pl', '077 40 50 316', '1)Program profilaktyki i wczesnego wykrywania chorób naczyniowych OUN dla osób w wieku 43-73. Program realizowany jest od roku  2014.\r\n2)Program profilaktyki i wczesnego wykrywania chorób naczyniowych dla osób w wieku\r\n35-66 .Program realizowany jest od roku 2014.\r\n', '1) Program profilaktyki i wczesnego wykrywania chorób naczyniowych OUN dla osób w wieku 43-73\r\nCELE:\r\n-Poprawa stanu zdrowia i świadomości zdrowotnej wśród mieszkańców Gminy Kędzierzyn-Koźle w zakresie chorób ośrodkowego układu nerwowego.\r\n-wczesne wykrywanie niektórych schorzeń OUN,\r\n-zwiększenie dostępu do badań mieszkańcom gminy.\r\nIDEE:\r\n-nabycie przez osoby biorące udział w Programie wiedzy dotyczącej właściwych postaw prozdrowotnych,\r\n-zmniejszenie wydatków na ochronę zdrowia związanych z chorobami OUN,\r\n-wydłużenie przeciętnego trwania życia.\r\n\r\nDZIAŁANIA:\r\n-przeprowadzenie wywiadu z rozpoznaniem czynników zagrożenia chorobą;\r\n-przeprowadzenie badania - UDP tętnic szyjnych;\r\n-przekazanie wyniku badania oraz zaleceń dotyczących dalszej diagnostyki \r\ni ewentualnego leczenia w ramach świadczeń gwarantowanych opłacanych ze środków Narodowego Funduszu Zdrowia osobie, u której stwierdzono nieprawidłowy wynik badania,\r\n-kampania edukacyjno-informacyjna (plakaty, ulotki, artykuły w lokalnej prasie, radio, telewizja miejska TVM).\r\nSPOSÓB REALIZACJI:\r\nProgram realizowany przez świadczeniodawców wyłonionych w ramach otwartego konkursu ofert zgodnie z obowiązującymi przepisami prawa.\r\nInformacje  o  prowadzonych badaniach przekazywane są w następujący sposób:\r\n-przez wykorzystanie  mass-mediów: lokalna prasa, telewizja, radio,\r\n-informowanie lekarzy podstawowej opieki zdrowotnej o realizowanym Programie,\r\n-kolportaż materiałów informacyjno –edukacyjnych o programie wśród  mieszkańców gminy(plakaty, ulotki),\r\n-edukacja wszystkich mieszkańców Gminy Kędzierzyn-Koźle, kampania prowadzona jest przy wsparciu realizatorów programu- m.in. przeprowadzenie wywiadów ze specjalistami-lekarzami (część kampanii edukacyjno-informacyjnej).\r\n\r\n2) Program profilaktyki i wczesnego wykrywania chorób naczyniowych dla osób w wieku 35-66\r\n\r\nCELE:\r\n-Poprawa stanu zdrowia i świadomości zdrowotnej wśród mieszkańców Gminy Kędzierzyn-Koźle w zakresie wykrywania zaburzeń lipidowych,\r\n-właściwa kontrola czynników ryzyka oraz ewentualnego wdrożenia leczenia \r\nu pacjentów z nierozpoznaną dotychczas chorobą,\r\n-podniesienie świadomości mieszkańców gminy na temat właściwych postaw prozdrowotnych – mających na celu zapobieganie chorobom sercowo – naczyniowym,\r\n-podjęcie działań prewencyjnych w kierunku chorób sercowo – naczyniowych,\r\nIDEE:\r\n-zmniejszenie zachorowalności na choroby sercowo – naczyniowe,\r\n-nabycie wiedzy dotyczącej właściwych postaw prozdrowotnych,\r\n-wydłużenie przeciętnego trwania życia.\r\n\r\nDZIAŁANIA:\r\n-pobranie krwi do badania  laboratoryjnego, oznaczenie profilu lipidowego wraz \r\nz obliczeniem współczynnika aterogenności czyli szkodliwego wpływu substancji tłuszczowych na naczynia krwionośne,\r\n-przekazanie wyniku badania oraz zaleceń dotyczących skonsultowania wyniku \r\nz lekarzem,\r\n-kampania edukacyjno-informacyjna (plakaty, ulotki, artykuły w lokalnej prasie, radio, telewizja miejska TVM).\r\n\r\nSPOSÓB REALIZACJI:\r\nProgram realizowany przez świadczeniodawców wyłonionych w ramach otwartego konkursu ofert zgodnie z obowiązującymi przepisami prawa.\r\nInformacje  o  prowadzonych badaniach przekazywane są  w następujący sposób:\r\n-przez wykorzystanie  mass-mediów: lokalna prasa, telewizja, radio,\r\n-informowanie lekarzy podstawowej opieki zdrowotnej o realizowanym Programie,\r\n-kolportaż materiałów informacyjno –edukacyjnych o programie wśród  mieszkańców gminy(plakaty, ulotki),\r\n-edukacja wszystkich mieszkańców Gminy Kędzierzyn-Koźle, kampania prowadzona jest przy wsparciu realizatorów programu- m.in. przeprowadzenie wywiadów ze specjalistami-lekarzami (część kampanii edukacyjno-informacyjnej).\r\n\r\n', '1)Program profilaktyki i wczesnego wykrywania chorób naczyniowych OUN dla osób w wieku 43-73\r\n\r\n2015- Beneficjentami badań profilaktycznych w ramach Programu były kobiety oraz mężczyźni zamieszkali na terenie gminy Kędzierzyn-Koźle zameldowani na pobyt stały lub czasowy powyżej roku w wieku 43-73 roku życia.\r\nLiczba osób przebadanych 800 w stosunku do ogólnej liczby mieszkańców (58.749)– 1,36%.\r\nLiczba osób przebadanych 800 w stosunku do mieszkańców w tej kategorii wiekowej (24.963) – 3.2%.\r\n2016 ( stan na dzień 31.10.2016 roku)- Beneficjentami badań profilaktycznych w ramach Programu są kobiety oraz mężczyźni zamieszkali na terenie gminy Kędzierzyn-Koźle zameldowani na pobyt stały lub czasowy powyżej roku (na co najmniej 12 miesięcy przed wykonaniem badania) w wieku 43-73 roku życia.\r\nLiczba osób przebadanych 682 w stosunku do ogólnej liczby mieszkańców (58.277) – 1,17% .\r\nLiczba osób przebadanych 682 w stosunku do mieszkańców w tej kategorii wiekowej (24.961) – 2,73%.\r\n\r\n2)Program profilaktyki i wczesnego wykrywania chorób naczyniowych dla osób w wieku\r\n35-66 \r\n\r\n2015- Beneficjentami badań profilaktycznych w ramach Programu były kobiety oraz mężczyźni zamieszkali na terenie gminy Kędzierzyn-Koźle zameldowani na pobyt stały lub czasowy powyżej roku w wieku 35 - 66 roku życia.\r\nLiczba osób przebadanych 3171 w stosunku do ogólnej liczby mieszkańców (58.749)– 5,40%.\r\nLiczba osób przebadanych 3171 w stosunku do mieszkańców w tej kategorii wiekowej (27.721)– 11,44%.\r\n\r\n2016 ( stan na dzień 31.10.2016 roku)- Beneficjentami badań profilaktycznych w ramach Programu są kobiety oraz mężczyźni zamieszkali na terenie gminy Kędzierzyn-Koźle zameldowani na pobyt stały lub czasowy powyżej roku (na co najmniej 12 miesięcy przed wykonaniem badania) w wieku 35 - 66 roku życia.\r\nLiczba osób przebadanych 3.529 w stosunku do ogólnej liczby mieszkańców (58.277) – 6,05% \r\nLiczba osób przebadanych 3.529 w stosunku do mieszkańców w tej kategorii wiekowej (27.728)– 12,73%.\r\n', '1)Program profilaktyki i wczesnego wykrywania chorób naczyniowych OUN dla osób w wieku 43-73:\r\n\r\n2015 (program skierowany do osób ur. 01.01.1942 – 31.12.1972)\r\nLiczba przebadanych osób w ramach programu wyniosła 826 osób (rozliczono 800).\r\nW wyniku przeprowadzonych badań u 592 osób stwierdzono prawidłowy przepływ krwi przez tętnice zewnątrzczaszkowe, co stanowiło 71,6% z całości przebadanych pacjentów, natomiast u 28,4% \r\ntj. 234 pacjentów stwierdzono:\r\n•	zaburzenia z postacią obecności niewielkiej ilości blaszek miażdżycowych, nie utrudniających istotnie przepływu lecz podjęcia profilaktycznych działań  w postaci kontroli lipidogramu i ewentualnie dalszych działań u lekarza pierwszego kontaktu;\r\n•	 zaburzenia przepływu sugerujące zaburzenia rytmu serca wymagające konsultacji kardiologicznej;\r\n•	zaburzenia pod postacią częściowego lub całkowitego zamknięcia jednej z tętnic zewnątrzczaszkowych wymagające konsultacji ze specjalistą chorób naczyniowych.\r\nW/w pacjenci zostali poinformowani o dalszym trybie postępowania.\r\n\r\n2016 (program skierowany do osób ur. 01.01.1943-31.12.1973)\r\nDo dnia 31.10.2016 roku z programu profilaktyki i wczesnego wykrywania chorób naczyniowych  OUN skorzystały łącznie 682 osoby zameldowane na pobyt stały lub czasowy powyżej roku (na co najmniej 12 miesięcy przed wykonaniem badania).Ze sprawozdań przedłożonych przez realizatora wynika, że u 515 osób stwierdzono prawidłowy przepływ krwi przez tętnice zewnątrzczaszkowe, natomiast u 125 pacjentów stwierdzono zmiany wymagające konsultacji \r\nz lekarzem.  W przypadku 118 pacjentów Gmina nie posiada informacji co  do prawidłowych wyników, bądź dalszej diagnostyki, ze względu na realizację zadania w terminie do 30.11.2016 roku. \r\n\r\n2)Program profilaktyki i wczesnego wykrywania chorób naczyniowych dla osób w wieku\r\n35-66 \r\n\r\n2015 (program skierowany do osób ur. 01.01.1949 – 31.12.1980)\r\nOznaczany parametr	Wartości pożądane Ilość przebadanych osób Ilość osób   z nieprawidłowymi wartościami\r\nCholesterol całkowity	<200 mg/dl	            3171	                                    2154 (67,92%)\r\nHDL cholesterol	Mężczyźni >40mg/dl               1074                                        129(12,01%)\r\n                        Kobiety >50mg/dl	            2 097	                                     269 (12,83%)\r\nLDL cholesterol	Mężczyźni >110mg/dl             1074                                          829 (77,19%)\r\n                        Kobiety > 100mg/dl	            2097                                          1639 (78,16%)\r\nTriglicerydy	<150	                                    3171	                                     1077 (33,96%)\r\nWspółczynnik antygenności <5	                    3171	                                     379 (11,95%)\r\n\r\nW grupie 3 171 osób było 2 097 kobiet oraz 1 074 mężczyzn, mieszkańców Gminy Kędzierzyn-Koźle.\r\n\r\n2016 (program skierowany do osób ur. 01.01.1950-31.12.1981)\r\nOznaczany parametr	Wartości pożądane Ilość przebadanych osób Ilość osób   z nieprawidłowymi wartościami\r\nCholesterol całkowity	<200 mg/dl	            3529	                                   2481(70,3%)\r\nHDL cholesterol	Mężczyźni >40mg/dl              1200                                        150(12,5%)\r\n                        Kobiety >50mg/dl	            2329                                         368(15,8%)\r\nLDL cholesterol	Mężczyźni >110mg/dl             1200                                        1036(86,3%)\r\n                        Kobiety > 100mg/dl	            2329                                        2028 (87,0%)\r\nTriglicerydy	<150	                                   3529                                        1317 (37,3%)\r\nWspółczynnik antygenności <5	                   3529                                        523 (14,8%)\r\n\r\nW grupie 3 529 osób było 1 200 mężczyzn oraz 2 329 kobiet, mieszkańców Gminy Kędzierzyn-Koźle.\r\n', 1);
INSERT INTO `competition_form` (`id`, `name`, `street`, `building_nr`, `flat_nr`, `post_code`, `city`, `first_name`, `last_name`, `email`, `phone`, `desc_time`, `desc_aim`, `desc_people`, `desc_efect`, `accept_1`) VALUES
(43, 'Gmina Gogolin', 'Krapkowicka', '6', '', '47-320', 'Gogolin', 'Andrzej', 'Mrowiec', 'andrzej.mrowiec@gogolin.pl', '774076805', 'Program "Postaw serce na nogi" na terenie Gminy Gogolin realizowany jest od roku 2009. Corocznie w budżecie Gminy Gogolin na ten cel są zabezpieczane środki finansowe w wysokości 5000 zł. ', 'Ideą tego programu jest wymuszenie zmian postaw i świadomości ludzi w społeczności lokalnej.\r\nCelem strategicznym programu jest obniżenie poziomu zachorowalności i umieralności z powodu zawału serca i udaru mózgu. Cel ten osiągany jest poprzez prowadzenie masowych kampanii edukacyjnych obejmujących swym zakresem podnoszenie świadomości oraz wiedzy na temat prozdrowotnych stylów życia oraz profilaktyki zawałów serca, udarów mózgu przy wykorzystaniu metod marketingu społecznego. Cele te osiągane są również poprzez zintensyfikowanie wykorzystania istniejącej infrastruktury, takiej jak: basen, hale sportowe, ścieżki rowerowe oraz rekreację poprzez organizację poradnictwa zdrowotnego. \r\nW ramach programu przeprowadza się akcje informacyjne na terenach szkół, przedszkoli, zakładów pracy i instytucji pożytku publicznego. W 2016 roku na terenie Gminy Gogolin utworzono stacjonarne punkty pomiaru ciśnienia tętniczego w szkołach, zakładach pracy i w budynkach publicznych.\r\nRokrocznie organizowane są Gogolińskie Dni Zdrowego Stylu Życia, podczas których przeprowadzane są konkursy, zawody w zakresie zdrowego stylu życia, takie jak rajdy rowerowe, marsze Nordic Walking, spływy kajakowe, spotkania z lekarzami specjalistami. Dokonywane są pomiary ciśnienia tętniczego, poziomu cukru oraz badania BMI. W Gminnym Ośrodku Zdrowia jako jednostce organizacyjnej Gminy Gogolin comiesięcznie organizowane są tzw. Białe soboty, m.in. w zakresie chorób kardiologicznych.\r\nPromowanie jak i efekty realizacji Programu odbywa się w prasie lokalnej, na stronach internetowych Urzędu Miejskiego w Gogolinie, Gminnego Ośrodka Zdrowia w Gogolinie. Ponadto każdorazowo dokonywany jest kolportaż ulotek i gadżetów promocyjnych.', 'Corocznie programem objętych jest 11% mieszkańców, od dzieci i młodzieży do osób w podeszłym wieku. Ponadto programem objęci są pracownicy zakładów pracy zlokalizowanych na terenie Gminy Gogolin, a mieszkających w gminach ościennych.', 'W 2015 roku przebadanych zostało około 1300 osób, z czego na dodatkowe badania i konsultacje skierowanych zostało 72 osoby dorosłe oraz 12 osób poniżej 18 roku życia. w 2016 roku dotychczas przebadano 870 osób, z czego na dalsze konsultacje skierowano 48 osób dorosłych i 5 osób poniżej 18 roku życia.', 1),
(44, 'Gmina Miasta Brodnicy ', 'Kamionka', '23', '', '87-300', 'Brodnica', 'Hanna', 'Osińska', 'hosinska@brodnica.pl', '56 4930632', 'Program przebiega na  dwóch płaszczyznach \r\n1. Działania skierowane do dzieci i młodzieży\r\n2. Działania skierowane do dorosłych mieszkańców Brodnicy \r\n\r\nProgramy realizowane są nieprzerwanie  od 2008 roku do 2016 r. ', 'Ad.Edukacja dzieci i młodzieży w formie olimpiady i konkursu . Beneficjenci programu to przedszkolaki , uczniowie szkół podstawowych z terenu miasta Brodnicy . Konkurs "Zdrowa Brodnica " przebiega pod hasłami "Pokochaj swoje serce "i "Żyj zdrowo i kolorowo "\r\nUczniowie szkół ponadgimnazjalnych startują w rejonowych mistrzostwach I pomocy przedmedycznej . laur zwycięstwa jest przepustką do kolejnych etapów mistrzostw .\r\nAd.2 Miasteczko Zdrowia w ramach Jarmarku Ekologicznego z Królewną Anną \r\n\r\nCele : promocja zdrowia , edukacja , kreowanie postaw prozdrowotnych i odpowiedzialności za własne zdrowie  oraz badania przesiewowe w populacji dorosłych mieszkańców Brodnicy\r\nDziałania rzeczywiste pomiary: BMI, poziomu glukozy i cholesterolu we krwi , badanie EKG , porada kardiologa i dietetyka , pomiar RR.\r\n', 'W oddziaływaniach skierowanych do dzieci i młodzieży bierze udział cała populacja przedszkolaków , ze wszystkich przedszkoli w Brodnicy liczba dzieci - 250\r\nMłodsze klasy od  szkół podstawowych   50 \r\n\r\nMłodzież szkół ponad gimnazjalnych -6 drużyn po 15 osób - 90 osób +30 = 120  Razem 420 osób .\r\nDorośli  110 osób ( pakiet wszystkich oddziaływań ), wybrane działania ponad 300 osób , razem 410 osób .. Miasto liczy około 27 000 mieszkańców działaniami objęto w 2016 r. 830 osób co stanowi około 3% populacji ', 'Do dalszych badań  lub obserwacji danego parametru kierowane są osoby u których zdiagnozowano odchylenia od norm w zależności od stopnia nasilenia odchylenia .\r\n Działania skierowane do dorosłych mieszkańców to także dotacje dla szpitala w postaci zakupu lub użyczania sprzętu ratującego życie Echo serca , USG 6 głowicowe i inne od trzech lat 280 000rocznie. W bieżącym roku tut. urząd zakupił defibrylator na użytek wszystkich klientów i pracowników, którzy będą wymagali podjęcia działań ratowniczych. . w roku 2017 planujemy przeszkolenie wszystkich pracowników urzędu w zakresie obsługi defibrylatora . ', 1),
(45, 'Powiat Kutnowski', 'Kościuszki', '16', '', '99-300', 'Kutno', 'Anna ', 'Konwerska', 'a.konwerska@powiatkutno.eu', '24 355 47 36', 'Powiat Kutnowski od 31 marca 2015 roku do 31 stycznia 2017 roku jest realizatorem projektu „Żyjesz dla siebie i innych – zadbaj o zdrowie”, w ramach Programu PL 13 Ograniczanie społecznych nierówności w zdrowiu. \r\nW ramach projektu przeprowadzono zarówno wiele zadań jednorazowych jak i cyklicznych. Wszystkie dotyczyły zasad zachowania profilaktyki przeciwdziałania chorobom serca i układu krążenia.\r\n', 'Celem głównym projektu jest zmniejszanie zachorowalności na choroby związane ze stylem życia na obszarze powiatu kutnowskiego. Identyfikacja potrzeb wskazała, że należy uwzględnić działania zmierzające do zmniejszenia zachorowalności na choroby układu krążenia w tym w szczególności chorób serca, miażdżycy oraz chorób naczyń mózgowych.\r\nDo celów szczegółowych projektu zaliczono:\r\n•	wdrożenie programu promocji zdrowia skutkującego zmniejszeniem zachorowalności na choroby układu krążenia:\r\no	promocję zdrowych nawyków żywieniowych (w każdej gminie powiatu kutnowskiego organizowano pikniki zdrowotne, konkursy kulinarne, warsztaty zdrowego żywienia dla uczniów i edukatorów, warsztaty zdrowego gotowania dla mieszkańców, dla dzieci niepełnosprawnych, uczniów kutnowskich szkół), \r\no	promocję aktywności fizycznej;( organizowano konkursy sportowe, gimnastyki, jogi, turnieje siatkówki, rajdy rowerowe, spacery z kijkami nordick walking, powiatowy turniej piłki nożnej, powiatowe biegi po zdrowie,otwarto bezpłatną wypożyczalnię rowerów, w każdej z gmin utworzono Powiatowe Centrum Aktywności Fizycznej),\r\no      podnoszenia świadomości w zakresie znaczenia badań profilaktycznych (plakaty, ulotki, informacje we wszystkich kanałach medialnych: radio, tv, portale społecznościowe, strona internetowa projektu ( obecnie przekształcana w POWIATOWY PORTAL ZDROWIA), konferencje informacyjne, prezentacje multimedialne lekarzy, film „Poradnik zdrowego serca”, konsultacje z trenerem sportowym, dietetykiem klinicznym, kardiologiem).\r\n•	wdrożenie programu profilaktyki chorób układu krążenia;\r\no	badania profilaktyczne dedykowane chorobom układu krążenia;\r\no	badania profilaktyczne w zakresie jednostek chorobowych stanowiących przyczynę chorób układu krążenia, tj.:\r\n	cukrzycy;\r\n	hipercholesterolemii;\r\n	otyłości.\r\n', 'W programie mogli brać udział wszyscy mieszkańcy powiatu kutnowskiego, który obecnie liczy ok. 100.000 mieszkańców. Zgodnie z celami projektu podczas realizacji jego zadań docierano do wszystkich grup społecznych w każdej z jedenastu gmin powiatu kutnowskiego.', 'Spośród całej populacji mieszkańców powiatu kutnowskiego badaniom ankietowym- wywiadom medycznym poddano 23 760 osób, z których na specjalistyczne badania  pogłębione z zakresu chorób serca, układu krążenia i czynników ryzyka mających na nie wpływ skierowano 3500 osób, w tym 3273 osoby w wieku 40-70 lat i 243 osoby w wieku 7-18 lat.  Na konsultacje kardiologiczne skierowano 1235 osób, neurologiczne 328 osób, angiologiczne 242 osoby. Dodatkowo wykonano badanie EKG I dla 800 osób spoza wiekowych grup docelowych projektu oraz 1500 badań EKG dla wszystkich chętnych mieszkańców powiatu kutnowskiego, którzy nie zostali zakwalifikowani do badań pogłębionych. W ramach specjalistycznych badań pogłębionych wykonano: 3500 EKG, 372 Holtery, 330 próby wysiłkowe, 130 USG serca, 349 USG  Doppler tętnic szyjnych, 497 USG Doppler kończyn dolnych.\r\nW wyniku przeprowadzanych badań u blisko połowy wykryto wiele nieprawidłowości i patologii. Osoby te zostały skierowane na dodatkowe konsultacje specjalistyczne.W kilkunastu przypadkach po wykonanym badaniu i wykazanych w nim nieprawidłowościach mogliśmy powiadomić osobę badaną o przebytym zawale lub stanie przedzawałowym, o którym sama wcześniej nie wiedziała. W efekcie przeprowadzanych działań profilaktycznych zapobiegających chorobom układu krążenia przy zadaniach promocji zdrowia osiągano wyższe niż przewidywano wskaźniki liczbowe osób zainteresowanych. Wzrosła świadomość mieszkańców w zakresie zdrowego odżywiania, aktywnego spędzania czasu wolnego. Organizacje, stowarzyszenia, szkoły kontynuują działania projektu organizując swoje zdrowe warsztaty żywienia lub zawody sportowe.\r\n', 1),
(46, 'Województwo Małopolskie', 'Racławicka', '56', '', '33-017', 'Kraków', 'Agata', 'Komisarz', 'agata.komisarz@umwm.pl', '12 6303 576', 'Województwo Małopolskie realizuje wieloletni program pn. "Program zdrowotny w zakresie prewencji i wykrywania chorób układu krążenia w populacji mieszkańców województwa małopolskiego" w zakresie ograniczania czynników ryzyka rozwoju chorób układu krążenia oraz edukacji w tym zakresie. Program otrzymał pozytywną opinię Prezesa Agencji Oceny Technologii Medycznych w 2012 roku i od tego roku jest sukcesywnie wdrażany na terenie całego Województwa Małopolskiego. Obecnie trwająca edycja programu przewidziana jest na lata 2012-2018.  ', 'Celem programu w perspektywie długofalowej jest zmniejszenie umieralności i zachorowalności na choroby układu krążenia oraz poprawa stanu zdrowia i jakości życia mieszkańców województwa małopolskiego poprzez: upowszechnianie zasad zdrowego stylu życia i profilaktyki chorób układu krążenia, budowanie świadomości społecznej dotyczącej zagrożeń związanych z chorobami układu krążenia i czynnikami ich ryzyka, wspieranie placówek ochrony zdrowia, szkół i zakładów pracy promujących zdrowie oraz dystrybucję tematycznych materiałów edukacyjnych.\r\n\r\nProgram prowadzony jest w dwóch głównych płaszczyznach:\r\n- Strategia wysokiego ryzyka: obejmująca pacjentów POZ i oddziałów kardiologicznych, \r\nz wysokim ryzykiem sercowo-naczyniowym (badania przesiewowe + edukacja);\r\n- Strategia populacyjna: obejmująca dzieci II klas szkół gimnazjalnych województwa małopolskiego oraz osoby w wieku produkcyjnym (sesje edukacyjne) oraz wszyscy mieszkańcy Małopolski (kampania społeczno-edukacyjna).\r\n\r\nBezpośrednimi odbiorcami programu kardiologicznego są 4 grupy:\r\n- pacjenci POZ i oddziałów kardiologicznych - w tej grupie prowadzone są badania przesiewowe w kierunku wykrywania chorób układu krążenia (dwukrotnie), szkolenia edukacyjne oraz edukacyjne interwencje telefoniczne wspomagające stosowanie przez pacjentów zaleceń medycznych i profilaktycznych;\r\n- dzieci - uczniowie szkół gimnazjalnych - szkolenia edukacyjne oraz badania ankietowe;\r\n- osoby w wieku produkcyjnym z zakładów pracy z Województwa- szkolenia edukacyjne oraz badania ankietowe;\r\n- dodatkowo przez tzw. Jednostkę Centralną (zespół specjalistów medycyny i zdrowia publicznego, prowadzony przez merytorycznego koordynatora programu) corocznie prowadzone są szkolenia edukatorów zdrowia. Wyszkoleni nauczyciele prewencji, zgodnie z przekazanymi ujednoliconymi schematami, edukują: pacjentów, dzieci i pracowników zakładów pracy. \r\n\r\nUczestnicy programu każdorazowo otrzymują materiały edukacyjne (książki edukacyjne dostosowane do każdej grupy odbiorców programu) oraz poddawani są ankietom wiedzy w trakcie szkoleń. \r\nIdeą programu jest wychodzenie jak najbliżej lokalnej społeczności - osób potrzebujących edukacji w zakresie przeciwdziałania rozwojowi chorób układu krążenia - w zakładach pracy, szkołach i w placówkach ochrony zdrowia. \r\n\r\nPodstawowe założenia programu:\r\n- Funkcjonowanie Jednostki Centralnej – koordynującej Program tj. zespołu specjalistów medycznych, który nadzoruje realizację programu na terenie całej Małopolski w tym organizuje szkolenia nauczycieli prewencji - edukatorów zdrowia. Od 2012 roku jest to Krakowski Szpital Specjalistyczny im. Jana Pawła II w Krakowie.\r\n- Funkcjonowanie jednostek obwodowych:\r\n1.  na oddziałach kardiologicznych oraz w jednostkach POZ z terenu powiatów i gmin Małopolski, w których odbywają się bezpośrednie interwencje - działania skierowane do pacjentów tj.: badania przesiewowe, szkolenia edukacyjne (wraz z dystrybucją materiałów informacyjnych) i edukacyjne interwencje telefoniczne;.\r\n2. w szkołach oraz zakładach pracy: szkolenia edukacyjne.\r\n- Prowadzenie kampanii edukacyjno-informacyjnej w regionalnych środkach przekazu (lokalne media: regionalna telewizja, gazety, tematyczna strona internetowa).', 'W ramach strategii populacyjnej i kampanii edukacyjno-społecznej obejmującej ogół mieszkańców województwa małopolskiego w latach 2015-2016:\r\n- rozdysponowano ponad 3 tysiące książek edukacyjnych \r\n- wyprodukowano 4 odcinki 15 minutowego tematycznego magazynu medycznego w TVP Kraków  (łączna liczba emisji w TVP Kraków: 10),  \r\n- 100 razy w TVP Kraków wyemitowano 30 sekundowe edukacyjne spoty telewizyjne opracowane w poprzednich latach realizacji programu, \r\n- dwukrotnie w lokalnej gazecie wydano 8 stronnicowy dodatek "Lepiej zapobiegać niż leczyć" formatu A4 - każdorazowo nakład: 50 000 egzemplarzy\r\n- publikowano artykuły w prasie skierowanej do grup docelowych programu: dzieci: Magazyn „Siemacha Com to Com” nr 3/2015, pacjenci: magazyn dla pacjentów i ich rodzin - biuletyn „Przewodnik Pacjenta” (wyd. Krakowski Szpital Specjalistyczny im. Jana Pawła II) \r\n- promowano Program podczas wydarzeń edukacyjnych w Krakowie - Festiwal Nauki w Krakowie, Małopolskie Dni Profilaktyki Zdrowia, Małopolska Noc Naukowców\r\n- aktywne prowadzenie 2 podstron tematycznych (dla dorosłych i dzieci) na stronie internetowej www.profilaktykawamalopolsce.pl , gdzie dostępnych jest ponad 60 artykułów o tematyce edukacyjnej (statystycznie w latach 2015- 2016 liczba użytkowników ww. strony: 80 971, łączna liczba odsłon: 191 366).', 'W latach 2015-2016 w programie bezpośrednio wzięło udział łącznie 5206 osób, w tym:2650 pacjentów, 1773 uczniów, 544 osób w wieku produkcyjnym oraz przeszkolono 239 nauczycieli prewencji. \r\nDla porównania w latach 2012-2016 program objął blisko 9 tys. osób.\r\n\r\nW latach 2015-2016 program kardiologiczny był realizowany:\r\n- co roku w 27 podmiotach leczniczych, łącznie z 19 miejscowości Małopolski (z terenu 13 powiatów); \r\n- w 21 szkołach z 17 miejscowości Małopolski (z terenu 10 powiatów);\r\n- w 16 zakładach pracy z 8 miejscowości Małopolski (z terenu 8 powiatów).\r\n\r\nZgodnie z prowadzoną ewaluacją za pomocą badań kontrolnych oraz badań ankietowych analizowanych w Jednostce Centralnej (koordynującej bieżący przebieg i skuteczną organizację programu) program kardiologiczny skutkuje:\r\n- zwiększeniem świadomości pacjentów małopolskich oddziałów kardiologicznych oraz POZ w zakresie czynników ryzyka chorób układu krążenia, Efektem w tej grupie jest także zmniejszenie częstości występowania istotnych dla zdrowia i życia czynników ryzyka jak hipercholesterolemia, mała aktywność fizyczna, nieprawidłowe żywienie, \r\n- wzrostem wiedzy profilaktycznej pacjentów, pracowników zakładów pracy oraz dzieci, w tym w zakresie rozpoznawania  objawów zawału serca oraz udaru mózgu w wyniku prowadzonych szkoleń edukacyjnych.\r\n\r\nUogólnione wyniki badań ankietowych prowadzonych w ramach Programu:\r\nPACJENCI:\r\n- 81,6% pacjentów zgłasza się na badania kontrolne po 12 miesiącach (w ramach programu);\r\n- Badania ankietowe wśród pacjentów wykazały, że w po 12 mies. w stosunku do badania wyjściowego grupa interwencyjna (objęta edukacją i interwencją telefoniczną) w stosunku do grupy kontrolnej w mniejszym stopniu deklaruje narażenie na modyfikowalne czynniki ryzyka takie jak: palenie tytoniu (o 4,1%), otyłość (0,8%), mała aktywność fizyczna (27,5%), hipercholesterolemia (12,6%), nieprawidłowa dieta (11,12%) - dane liczbowe uogólnione;\r\n- Po 12 miesiącach: grupa interwencyjna do grupy kontrolnej - posiada statystycznie większą o 18,55 % znajomość czynników ryzyka chorób układu krążenia, oraz większą o 7,67% znajomość objawów udaru mózgu.\r\nDZIECI SZKÓŁ GIMNAZJALNYCH:\r\n- Porównanie wyników uzyskanych po szkoleniach edukacyjnych do wyników osiągniętych wyjściowo - większa o 11,48 % znajomość czynników ryzyka chorób układu krążenia, większa o 11,46% znajomość objawów zawału serca, większa o 16,75% znajomość objawów udaru mózgu.\r\nOSOBY W WIEKU PRODUKCYJNYM:\r\n- Porównanie wyników uzyskanych po szkoleniach edukacyjnych do wyników osiągniętych wyjściowo - większa o 27 % znajomość czynników ryzyka chorób układu krążenia, większa o 32,60% znajomość objawów zawału serca, większa o 20,71% znajomość objawów udaru mózgu.\r\n\r\nZgodnie z decyzją Zarządu Województwa Małopolskiego "Program zdrowotny w zakresie prewencji i wykrywania chorób układu krążenia w populacji mieszkańców województwa małopolskiego" ma zapewnione finansowanie do końca 2018 roku. \r\n\r\nW nadchodzących latach program będzie kontynuowany, co pozwoli na dalsze rozszerzanie zasięgu odbioru o kolejne jednostki obwodowe - poradnie, oddziały, szkoły i zakłady pracy.  \r\nZgodnie z zakładanym planem, corocznie do programu (oprócz prowadzonej szerokiej kampanii społeczno-edukacyjnej) przystępować będzie minimum 2585 osób.\r\n\r\nWyniki prowadzonego programu kardiologicznego nie tylko pozwolą zobrazować aktualny stan zdrowia Małopolan oraz ocenić poziom wiedzy mieszkańców, ale także w dłużej pespektywie mogą dać odpowiedź, jaki rodzaj interwencji w zakresie zmiany zachowania na prozdrowotny jest najbardziej skuteczny.', 1),
(47, 'Wydział Zdrowia i Spraw Społecznych Urzędu Miasta Poznania', 'ul. 3 Maja ', '46', '', '61-728', 'Poznań', 'Magdalena', 'Pietrusik-Adamska', 'zss@um.poznan.pl', '61 878 54 29', '1. Program profilaktyki chorób układu krążenia w starszym wieku Kardio 60+\r\nRealizator: Wielkopolskie Stowarzyszenie Wolontariuszy Opieki Paliatywnej „Hospicjum Domowe” w Poznaniu.Okres realizacji:01.02.2015 - 31.12.2015 r.\r\n\r\n2. Wydarzenie: „Biała Sobota” - Realizatorzy: Wydział Zdrowia i Spraw Społecznych UMP, Caritas Archidiecezji Poznańskiej 07.02.2015 r.\r\n\r\n3.Wydarzenie: „Festyn Zdrowotny i Ogólnopolski Festyn Rodzinny z okazji Dnia Dziecka”\r\nRealizatorzy: Wydział Zdrowia i Spraw Społecznych UMP, Caritas Archidiecezji Poznańskiej 31.05.2015 r.\r\n\r\n4. Program profilaktyki chorób układu krążenia w wieku Kardio 50+ -Realizator: Wielkopolskie Stowarzyszenie Wolontariuszy Opieki Paliatywnej „Hospicjum Domowe” w Poznaniu.Okres realizacji:01.02.2016 - 31.12.2016 r.\r\n\r\n5. Wydarzenie: „Biała Sobota” - Realizatorzy: Wydział Zdrowia i Spraw Społecznych UMP, Caritas Archidiecezji P oznańskiej,13.02.2016 r.\r\n\r\n6. Wydarzenie: „Festyn Zdrowotny i Ogólnopolski Festyn Rodzinny z okazji Dnia Dziecka” Realizatorzy: Wydział Zdrowia i Spraw Społecznych UMP, Caritas Archidiecezji Poznańskiej 29.05.2016 r.', 'ad 1. Celem było przekazanie uczestnikom, wiedzy o czynnikach ryzyka chorób układu krążenia, a tym samym ich redukcję i natężenie. Program obejmował 9 cykli szkoleniowo-edukacyjnych promujących zdrowy styl życia: niepalenia, prawidłowego odżywiania się, aktywności fizycznej. Każdy cykl obejmował 8 warsztatów Kardio 60+. W czasie trwania programu została opracowana i opublikowana broszura o czynnikach  ryzyka chorób układu krążenia, z wykorzystaniem materiałów szkoleniowych oraz książeczka samokontroli. W czasie zajęć serwowano zdrową przekąskę.\r\n\r\nad 2. Wydarzenie organizowane corocznie z okazji Światowego Dnia Chorego przez Urząd Miasta Poznania wraz Caritas Archidiecezji Poznańskiej. Dla mieszkańców Poznania „Biała Sobota” to bogata i atrakcyjna oferta badań profilaktycznych, porad specjalistów z różnych dziedzin medycyny. Podjęte działania służą wzmocnieniu świadomości prozdrowotnej Poznaniaków i ułatwiają dostęp do badań profilaktycznych.\r\n\r\nad 3. Plenerowa imppreza coroczna w formie festynu, organizowane przez Urząd Miasta Poznania wraz z Caritas, wspierane przez licznych partnerów i sponsorów, podczas którego mieszkańcy Poznania m. in. mogą uzyskać poradę lekarzy specjalistów, zostać przebadanym (badania glukozy i  cholesterolu we krwi), zapoznać się z metodami udzielania pierwszej pomocy.\r\n\r\nad 4. Celem jest przebadanie uczestników oraz przekazanie im wiedzy o czynnikach ryzyka chorób układu krążenia, co przyczyni się do redukcji występowania i natężenia tych czynników. Program obejmuje 8 cykli szkoleniowo-edukacyjnych promujących zdrowy styl życia: niepalenia, prawidłowego odżywiania się, aktywności fizycznej. Każdy cykl obejmuje 8 warsztatów Kardio 50+. Ponadto zostaną przeprowadzone 2 otwarte rajdy integracyjne NORDIC WALKING w celu promocji zdrowego stylu życia i zachowań prozdrowotnych.Uczestnicy otrzymają wydaną w 2015 r. obszerną publikację edukacyjną zawierającą wiadomości o czynnikach ryzyka chorób układu krążenia  oraz książeczkę samokontroli. Podczas zajęć serwowane będą „zdrowe przekąski”, pokazujące w praktyce, jak można zastąpić te niezdrowe.\r\n\r\nad 5. Wydarzenie organizowane corocznie z okazji Światowego Dnia Chorego przez Urząd Miasta Poznania wraz Caritas Archidiecezji Poznańskiej. Dla mieszkańców Poznania „Biała Sobota” to bogata i atrakcyjna oferta badań profilaktycznych, porad specjalistów z różnych dziedzin medycyny. Podjęte działania służą wzmocnieniu świadomości prozdrowotnej Poznaniaków i ułatwiają dostęp do badań profilaktycznych.\r\n\r\nad 6. Plenerowa impreza coroczna w formie festynu, organizowane przez Urząd Miasta Poznania wraz z Caritas, wspierane przez licznych partnerów i sponsorów, podczas którego mieszkańcy Poznania m. in. mogą uzyskać poradę lekarzy specjalistów, zostać przebadanym (badania glukozy i  cholesterolu we krwi), zapoznać się z metodami udzielania pierwszej pomocy.', 'ad 1. 72 osoby (8 osób w każdym z 9 cykli szkoleniowych)\r\n\r\nad 2. Ok. 300 osób (badania i/lub porady kardiologiczne)\r\n\r\nad 3. 19 osób (badania i/lub porady kardiologiczne)\r\n\r\nad 4. Wg planu ok. 80 osób (10 osób w każdym z 8 cykli szkoleniowych)\r\n\r\nad 5. Ok. 200 osób  (badania i/lub porady kardiologiczne)\r\n\r\nad 6. 16 osób (badania i/lub porady kardiologiczne', 'ad 1. Uczestnicy (72 osoby) zostali przebadani w kierunku wczesnej identyfikacji osób z podwyższonym ryzykiem chorób układu krążenia oraz poddani dodatkowym badaniom, których celem byłó wykrycie i leczenie chorób układu krążenia.\r\n\r\nad 2. 60-cioro uczestników otrzymało poradę kardiologiczną, przeprowadzono: 236 badań (cholesterol, trójglicerydy, ciśnienie tętnicze krwi), 54 badania EKG\r\n\r\nad 3. 19-cioro uczestników uzyskało poradę internistyczno-kardiologiczną\r\n\r\nad 4.Uczestnicy (~80 osób) zostaną przebadani w kierunku wczesnej identyfikacji osób z podwyższonym ryzykiem chorób układu krążenia oraz poddani dodatkowym badaniom, których celem będzie wykrycie i leczenie chorób układu krążenia (Holter RR, EKG, Doppler)\r\n\r\nad 5. 176-cioro uczestników otrzymało poradę kardiologiczną, przeprowadzono:  126 badań (cholesterol, trójglicerydy, ciśnienie tętnicze krwi)\r\n\r\nad 6. 16-cioro uczestników uzyskało poradę internistyczno-kardiologiczną', 1),
(48, 'Urząd Miejski w Gdańsku', 'Nowe Ogrody', '8-12', '', '80-803', 'Gdańsk', 'Katarzyna', 'Lewińska', 'katarzyna.lewinska@gdansk.gda.pl', '58/ 323 67 79', 'Gdański Model Promocji Zdrowia i Profilaktyki Chorób Cywilizacyjnych u Dzieci i Młodzieży (GMPZ) to kompleksowy system promocji zdrowego stylu życia i przeciwdziałania chorobom cywilizacyjnym u dzieci i młodzieży (w tym chorobom układu krążenia). GMPZ można uznać także za pierwszy w Polsce kompleksowy system prewencji oraz leczenia nadwagi i otyłości w populacji dziecięcej. Model ten jako wzorcowe rozwiązanie jest obecnie powielany w wielu regionach kraju.\r\nW Gdańsku projekt opiera się o szeroką współpracę samorządu lokalnego oraz jego jednostek (Ośrodek Promocji Zdrowia) oraz środowiska szkolnego z Uniwersyteckim Centrum Klinicznym (UCK) przy wsparciu gdańskich uczelni wyższych (GUMed, AWFiS) i Polskiego Towarzystwa Programów Zdrowotnych.\r\nProjekt został wdrożony w 2011 roku i trwa do chwili obecnej. Aktualnie realizowana jest druga trzyletnia edycja. Ze względu na potwierdzona naukowo skuteczność planowana jest jego kontynuacja w latach 2017 – 2020.\r\nElementy składowe GMPZ to: Program ZŻTDz realizowany przez OPZ  skierowany do dzieci 6-letnich, Program ZU realizowany również przez OPZ dedykowany uczniom 9-11-letnim oraz Program „6-10-14 dla Zdrowia” realizowany przez Uniwersyteckie Centrum Kliniczne w Gdańsku prowadzący przesiew w populacji Gdańskich 14-latków oraz będący punktem zbiorczym dzieci i młodzieży u których zdiagnozowano czynniki ryzyka rozwoju chorób cywilizacyjnych, w tym chorób układu krążenia z programów ZŻTDz i ZU oraz własnego etapu przesiewowego.\r\n', 'Gdański Model Promocji Zdrowia to zespół zorganizowanych, interdyscyplinarnych działań związanych promocją zdrowego stylu życia oraz specjalistyczną opieką nad dziećmi narażonymi na rozwój chorób cywilizacyjnych.\r\nIdea projektu:\r\nUmacnianie zdrowia młodych mieszkańców Gdańska poprzez wspieranie w wychowaniu do zdrowia kluczowych środowisk dla rozwoju dziecka: rodziny i szkoły.\r\nCel główny programu:\r\nRedukcja czynników ryzyka rozwoju chorób cywilizacyjnych u dzieci poprzez specjalistyczne wsparcie realizacji indywidualnie przygotowanych planów postępowania prozdrowotnego (odpowiadających na zidentyfikowane potrzeby dziecka).\r\nAdresaci programu:\r\n• Część diagnostyczna, edukacyjna i interwencyjna dotyczy dzieci 6 – 14 letnich ze szkół podstawowych i gimnazjalnych oraz ich rodziców lub opiekunów (rodzina).\r\n• Część sprawozdawcza kierowana jest do placówek oświatowych, władz samorządowych oraz innych zainteresowanych badaniami instytucji naukowych i ochrony zdrowia.\r\nKomplementarne elementy projektu:\r\n1. Wspieramy gdańskie rodziny - tworzymy dla dzieci indywidualne plany postępowania zdrowotnego (PPZ). Rocznie otrzymuje go ok. 8 tys. dzieci w wieku 6, 10 oraz 14 lat. To zadanie realizuje Uniwersyteckie Centrum Kliniczne i Ośrodek Promocji Zdrowia (jednostka miejska). Plan PPZ obejmuje m.in.: identyfikację zagrożeń, wskazania dotyczące stylu życia, przeprowadzenie koniecznych specjalistycznych działań diagnostycznych i leczniczych oraz budowanie świadomości dotyczącej indywidualnej odpowiedzialności za zdrowie. Plan zawiera zadania dla całej rodziny. Działania te realizowane są w ramach programów promocji zdrowego stylu życia: „Zdrowe Życie Twojego Dziecka”, „Zdrowy Uczeń” oraz w ramach badań przesiewowych programu „6-1-14 dla Zdrowia”. Plan generowany jest na podstawie przeprowadzonego badania przesiewowego i ankietowego. Ważnymi elementami badania przesiewowego są ocena wydolności krążeniowo-oddechowej oraz ocena ciśnienia tętniczego uczniów, interpretacja uzyskanego wyniku oraz stworzenie indywidualnych zaleceń dotyczących poprawy parametrów dotyczących układu krążenia.\r\n2. Obejmujemy roczną opieką (interwencją behawioralną) dzieci (rodzin) zagrożone rozwojem chorób cywilizacyjnych. Realizatorem tych działań jest UCK (program „6-10-14 dla Zdrowia”). Działanie to dotyczy ok. 800 dzieci rocznie i polega na długoterminowej opiece zespołu specjalistów (lekarzy, dietetyków, psychologów i spec. aktywności fizycznej) nad procesem dokonywania zmian w stylu życia dziecka (rodziny). Plan postępowania zdrowotnego obejmuje krótko i długoterminowe działania monitorowane w czasie (4 spotkania z zespołem specjalistów oraz telefoniczna i elektroniczna wymiana informacji). Program 6-10-14 dla Zdrowia korzysta również z nowoczesnych technologii: każdy z rodziców posiada indywidualne konto opiekuna na platformie Programu za pośrednictwem, którego może kontaktować się ze specjalistami opiekującymi się dzieckiem, z sekretariatem Programu, ma również dostęp do historii zrealizowanych wizyt oraz narzędzi stymulujących wdrażanie zaleceń. Uczestniczy otrzymują także dostęp do mobilnej aplikacji „10 minut do zdrowia” będącej narzędziem wspierającym aktywność fizyczną w warunkach domowych.\r\n3. Wspieramy szkoły (ok. 100 placówek), które są jednocześnie aktywnymi uczestnikami GMPZ tworząc i wdrażając szkolne polityki zdrowotne oparte o europejskie standardy  (HealthEating and Phisical Activity in Schools – HEPS).  Podnosimy kwalifikacje nauczycieli w zakresie cukrzycy i roli edukatora zdrowia.\r\n4. Tworzymy warunki dla zwiększania aktywności fizycznej dzieci i ich zdrowego odżywiania - zadanie dla placówek oświatowych.\r\n\r\nGdański Model Promocji Zdrowia to "dobra praktyka" w zakresie:\r\n- współpracy różnych środowisk i resortów, czego efektem są  projekty o charakterze zadaniowym (mierzalne rezultaty, ewaluacja, monitoring)\r\n- współpracy interdyscyplinarnej: lekarzy, dietetyków, psychologów, spec. aktywności fizycznej, itd. (holistycznego podejścia do zdrowia)\r\n- stosowania nowatorskich rozwiązań organizacyjnych, zarządczych i technicznych. Na uwagę zasługuje wykorzystanie w działaniach nowych technologii (aplikacje internetowe i mobilne) do obsługi procedury diagnostycznej i interwencyjnej, przeglądu i wydruku planów postępowania prozdrowotnego oraz analiz statystycznych.\r\n- stosowania pionierskich na skalę kraju procedur interwencji behawioralnych budujących potencjał zdrowia społeczności\r\n- stosowania rozwiązań o potwierdzonej skuteczności (procedury posiadają pozytywną opinię Agencji Oceny Technologii Medycznych)\r\n- stosowania rozwiązań, które wpisują się w wyznaczone w dokumentach strategicznych (kraju, regionu i gminy) kierunki działań w obszarach zdrowia i edukacji\r\nGMPZ jest ponadto działaniem wieloletnim i dotyczy precyzyjnie określonego problemu zdrowotnego gdańskiej społeczności. GMPZ wykorzystał już istniejące zasoby organizacyjne i ludzkie, które skoordynowano i uzupełniono o działania wynikające z analizy potrzeb.\r\nGdański Model Promocji Zdrowia jest kompleksowym systemem działań, który umożliwia skuteczną walkę z problemem narastania chorób cywilizacyjnych w populacji dzieci i młodzieży. GMPZ spełnia wszystkie wymogi stawiane przez ekspertów Agencji Oceny Technologii Medycznych i Taryfikacji, które dotyczą tego typu działań podejmowanych przez jednostki samorządowe (AOTM-OT-P183).\r\nGMPZ w szczególności:\r\n- dotyczy zarówno populacji zdrowej (profilaktyka pierwotna), jak i populacji z już wykrytymi zaburzeniami (profilaktyka wtórna)\r\n- podstawą działań jest edukacja, która obejmuje środowisko rodzinne dziecka i szkoły\r\n- uzupełnia, a nie powiela działania finansowane ze środków publicznych NFZ\r\n- posiada bardzo precyzyjne narzędzia monitorowania wskaźników rezultatu (narzędzia nowoczesnego zarządzania projektem)\r\n- dotyczy interwencji behawioralnych realizowanych przez zespół specjalistów wielu dziedzin, w tym psychologów kierujących procesem zmian stylu życia\r\nWymienione cechy GMPZ czynią go swoistym „Know – how”, którego wdrożenie możliwe jest na terenie innych samorządów, które zamierzają w sposób systemowy wspierać zdrowotnie rodziny.\r\n\r\nDziałania GMPZ wspierane są działaniami medialnymi realizowaną za pośrednictwem strony internetowej, portali społecznościowych oraz lokalnych mediów. Uczestnicy na wszystkich etapach otrzymują stosowne broszury, informatory oraz materiały edukacyjne.\r\n', 'Zasięg działań GMPZ kształtuję się na poziomie ok. 70% całej populacji. W zależności od grupy wiekowej wskazań należy dotarcie do ok. 80% 6latków (ZŻTDz) ok. 70% 9-11 latków (ZU), oraz 60% wśród 14 latków (przesiew „6-10-14 dla Zdrowia”).\r\nDo etapu specjalistycznego Programu zakwalifikowano ok. 11% przebadanych dzieci u których zdiagnozowano czynniki ryzyka rozwoju chorób cywilizacyjnych.\r\n', 'Na etapie wstępnym (przesiewowym) GMPZ dociera do dzieci szkolnych w wieku 6 lat (poprzez Program ZŻTDz realizowany przez OPZ), 9-11 lat (poprzez Program ZU realizowanym przez OPZ) oraz do dzieci 14 letnich (przesiew Programu „6-10-14 dla Zdrowia”. We wskazanym okresie: 2011 - 2016 r. przebadano w etapie przesiewowym:\r\n•	18 000 dzieci 6-letnich\r\n•	15 000 dzieci 9-11 letnich\r\n•	8 000 młodzieży 14 – letniej\r\nDo etapu specjalistycznego zakwalifikowano:\r\n•	1 140 dzieci 6-letnich (6,35% przebadanej populacji)\r\n•	2 000 dzieci 9-11 -letnich (13,33% przebadanej populacji)\r\n•	1 370 dzieci 14-letnich (17% przebadanej populacji)\r\nPodczas warsztatów edukacyjnych (interdyscyplinarnych zajęć edukacyjnych realizowanych przez dietetyków, specjalistów aktywności fizycznej, lekarzy, promotorów zdrowia) przeszkolono 422 rodziców i dzieci z zakresu budowania zdrowego stylu życia w oparciu o zdrowe odżywianie i aktywność fizyczną.\r\n\r\n•	U 18 % dzieci znajdujących się pod opieką etapu specjalistycznego Programu „6-10-14 dla Zdrowia” zidentyfikowano poważne odchylenia w wynikach badań laboratoryjnych (przede wszystkim w poziomie glukozy, trójglicerydów i poszczególnych frakcji cholesterolu) wymagające natychmiastowej dodatkowej konsultacji specjalistycznej (głównie u diabetologa lub endokrynologa dziecięcego), zapewnionej w ramach Programu. \r\n•	Efektem rocznego uczestnictwa w programie specjalistycznym jest obniżenie centyla BMI średnio o 6 punktów procentowych u ponad 75 % podopiecznych. Dodatkowo obserwowana jest poprawa w parametrach opisujących skład ciała: obniżenie odsetka tkanki tłuszczowej w organizmie, poprawa parametrów opisujących  działanie układu krążeniowo-odechowego, poprawa zachowań związanych ze stylem odżywiania i aktywnością fizyczną. Innowacyjność Programu „6-10-14 dla Zdrowia” uznana została również przez Europejskie Towarzystwo Badań nad Otyłością – EASO (The European Association for the Study of Obesity).  Certyfikacja  EASO nadaje UCK oraz Programowi „6-10-14 dla Zdrowia” prestiżowy tytuł Centrum Leczenia Otyłości. Jest certyfikatem potwierdzającym efektywność kliniczną oraz jakość prowadzonej interwencji.\r\n\r\nIstotną obserwacją jest zmiana w wynikach badań przesiewowych realizowanych w Gdańsku. Zestawiając ze sobą wyniki badań przesiewu realizowanego w roku szkolnym 2011/2012 (pierwszy przesiew realizowany w ramach GMPZ) z cyklem przesiewowym 2015/2016 należy wskazać:\r\n•	wzrost odsetka dzieci z prawidłową masą ciała (z 66,2% na 69,5% przebadanej populacji)\r\n•	obniżenie odsetka dzieci u których diagnozowany jest nadmiar masy ciała (z 20,6% na 17,9% przebadanej populacji)\r\n•	wzrost odsetka dzieci z prawidłowymi wartościami ciśnienia tętniczego (z 80,7% na 89,3% przebadanej populacji)\r\n•	obniżenie odsetka dzieci u których zdiagnozowano podwyższone ciśnienie tętnicze (z 19,3% na 10,7% przebadanej populacji)\r\n•	wzrost odsetka dzieci u których wydolność krążęniowo-oddechowa oceniona zostało jako doskonała (z 4,8% na 12,7%), bardzo dobra (z 15,7% na 32,6%) oraz dobra (22,7% na 23% przebadanej populacji)\r\n•	Obniżenie odsetka dzieci u których wydolność krążeniowo-oddechowa oceniona została jako dostateczna (z 26% na 13,3%), słaba (z 21,1% na 10,7%) oraz bardzo słaba (z 4,6% na 1,7% przebadanej populacji)\r\n', 1),
(49, 'Urząd Miejski w Gdańsku', 'Nowe Ogrody', '8-12', '', '80-803', 'Gdańsk', 'Katarzyna', 'Lewińska', 'katarzyna.lewinska@gdansk.gda.pl', '58/ 323 67 79', 'Gdański Model Promocji Zdrowia i Profilaktyki Chorób Cywilizacyjnych u Dzieci i Młodzieży (GMPZ) to kompleksowy system promocji zdrowego stylu życia i przeciwdziałania chorobom cywilizacyjnym u dzieci i młodzieży (w tym chorobom układu krążenia). GMPZ można uznać także za pierwszy w Polsce kompleksowy system prewencji oraz leczenia nadwagi i otyłości w populacji dziecięcej. Model ten jako wzorcowe rozwiązanie jest obecnie powielany w wielu regionach kraju.\r\nW Gdańsku projekt opiera się o szeroką współpracę samorządu lokalnego oraz jego jednostek (Ośrodek Promocji Zdrowia) oraz środowiska szkolnego z Uniwersyteckim Centrum Klinicznym (UCK) przy wsparciu gdańskich uczelni wyższych (GUMed, AWFiS) i Polskiego Towarzystwa Programów Zdrowotnych.\r\nProjekt został wdrożony w 2011 roku i trwa do chwili obecnej. Aktualnie realizowana jest druga trzyletnia edycja. Ze względu na potwierdzona naukowo skuteczność planowana jest jego kontynuacja w latach 2017 – 2020.\r\nElementy składowe GMPZ to: Program ZŻTDz realizowany przez OPZ  skierowany do dzieci 6-letnich, Program ZU realizowany również przez OPZ dedykowany uczniom 9-11-letnim oraz Program „6-10-14 dla Zdrowia” realizowany przez Uniwersyteckie Centrum Kliniczne w Gdańsku prowadzący przesiew w populacji Gdańskich 14-latków oraz będący punktem zbiorczym dzieci i młodzieży u których zdiagnozowano czynniki ryzyka rozwoju chorób cywilizacyjnych, w tym chorób układu krążenia z programów ZŻTDz i ZU oraz własnego etapu przesiewowego.\r\n', 'Gdański Model Promocji Zdrowia to zespół zorganizowanych, interdyscyplinarnych działań związanych promocją zdrowego stylu życia oraz specjalistyczną opieką nad dziećmi narażonymi na rozwój chorób cywilizacyjnych.\r\nIdea projektu:\r\nUmacnianie zdrowia młodych mieszkańców Gdańska poprzez wspieranie w wychowaniu do zdrowia kluczowych środowisk dla rozwoju dziecka: rodziny i szkoły.\r\nCel główny programu:\r\nRedukcja czynników ryzyka rozwoju chorób cywilizacyjnych u dzieci poprzez specjalistyczne wsparcie realizacji indywidualnie przygotowanych planów postępowania prozdrowotnego (odpowiadających na zidentyfikowane potrzeby dziecka).\r\nAdresaci programu:\r\n• Część diagnostyczna, edukacyjna i interwencyjna dotyczy dzieci 6 – 14 letnich ze szkół podstawowych i gimnazjalnych oraz ich rodziców lub opiekunów (rodzina).\r\n• Część sprawozdawcza kierowana jest do placówek oświatowych, władz samorządowych oraz innych zainteresowanych badaniami instytucji naukowych i ochrony zdrowia.\r\nKomplementarne elementy projektu:\r\n1. Wspieramy gdańskie rodziny - tworzymy dla dzieci indywidualne plany postępowania zdrowotnego (PPZ). Rocznie otrzymuje go ok. 8 tys. dzieci w wieku 6, 10 oraz 14 lat. To zadanie realizuje Uniwersyteckie Centrum Kliniczne i Ośrodek Promocji Zdrowia (jednostka miejska). Plan PPZ obejmuje m.in.: identyfikację zagrożeń, wskazania dotyczące stylu życia, przeprowadzenie koniecznych specjalistycznych działań diagnostycznych i leczniczych oraz budowanie świadomości dotyczącej indywidualnej odpowiedzialności za zdrowie. Plan zawiera zadania dla całej rodziny. Działania te realizowane są w ramach programów promocji zdrowego stylu życia: „Zdrowe Życie Twojego Dziecka”, „Zdrowy Uczeń” oraz w ramach badań przesiewowych programu „6-1-14 dla Zdrowia”. Plan generowany jest na podstawie przeprowadzonego badania przesiewowego i ankietowego. Ważnymi elementami badania przesiewowego są ocena wydolności krążeniowo-oddechowej oraz ocena ciśnienia tętniczego uczniów, interpretacja uzyskanego wyniku oraz stworzenie indywidualnych zaleceń dotyczących poprawy parametrów dotyczących układu krążenia.\r\n2. Obejmujemy roczną opieką (interwencją behawioralną) dzieci (rodzin) zagrożone rozwojem chorób cywilizacyjnych. Realizatorem tych działań jest UCK (program „6-10-14 dla Zdrowia”). Działanie to dotyczy ok. 800 dzieci rocznie i polega na długoterminowej opiece zespołu specjalistów (lekarzy, dietetyków, psychologów i spec. aktywności fizycznej) nad procesem dokonywania zmian w stylu życia dziecka (rodziny). Plan postępowania zdrowotnego obejmuje krótko i długoterminowe działania monitorowane w czasie (4 spotkania z zespołem specjalistów oraz telefoniczna i elektroniczna wymiana informacji). Program 6-10-14 dla Zdrowia korzysta również z nowoczesnych technologii: każdy z rodziców posiada indywidualne konto opiekuna na platformie Programu za pośrednictwem, którego może kontaktować się ze specjalistami opiekującymi się dzieckiem, z sekretariatem Programu, ma również dostęp do historii zrealizowanych wizyt oraz narzędzi stymulujących wdrażanie zaleceń. Uczestniczy otrzymują także dostęp do mobilnej aplikacji „10 minut do zdrowia” będącej narzędziem wspierającym aktywność fizyczną w warunkach domowych.\r\n3. Wspieramy szkoły (ok. 100 placówek), które są jednocześnie aktywnymi uczestnikami GMPZ tworząc i wdrażając szkolne polityki zdrowotne oparte o europejskie standardy  (HealthEating and Phisical Activity in Schools – HEPS).  Podnosimy kwalifikacje nauczycieli w zakresie cukrzycy i roli edukatora zdrowia.\r\n4. Tworzymy warunki dla zwiększania aktywności fizycznej dzieci i ich zdrowego odżywiania - zadanie dla placówek oświatowych.\r\n\r\nGdański Model Promocji Zdrowia to "dobra praktyka" w zakresie:\r\n- współpracy różnych środowisk i resortów, czego efektem są  projekty o charakterze zadaniowym (mierzalne rezultaty, ewaluacja, monitoring)\r\n- współpracy interdyscyplinarnej: lekarzy, dietetyków, psychologów, spec. aktywności fizycznej, itd. (holistycznego podejścia do zdrowia)\r\n- stosowania nowatorskich rozwiązań organizacyjnych, zarządczych i technicznych. Na uwagę zasługuje wykorzystanie w działaniach nowych technologii (aplikacje internetowe i mobilne) do obsługi procedury diagnostycznej i interwencyjnej, przeglądu i wydruku planów postępowania prozdrowotnego oraz analiz statystycznych.\r\n- stosowania pionierskich na skalę kraju procedur interwencji behawioralnych budujących potencjał zdrowia społeczności\r\n- stosowania rozwiązań o potwierdzonej skuteczności (procedury posiadają pozytywną opinię Agencji Oceny Technologii Medycznych)\r\n- stosowania rozwiązań, które wpisują się w wyznaczone w dokumentach strategicznych (kraju, regionu i gminy) kierunki działań w obszarach zdrowia i edukacji\r\nGMPZ jest ponadto działaniem wieloletnim i dotyczy precyzyjnie określonego problemu zdrowotnego gdańskiej społeczności. GMPZ wykorzystał już istniejące zasoby organizacyjne i ludzkie, które skoordynowano i uzupełniono o działania wynikające z analizy potrzeb.\r\nGdański Model Promocji Zdrowia jest kompleksowym systemem działań, który umożliwia skuteczną walkę z problemem narastania chorób cywilizacyjnych w populacji dzieci i młodzieży. GMPZ spełnia wszystkie wymogi stawiane przez ekspertów Agencji Oceny Technologii Medycznych i Taryfikacji, które dotyczą tego typu działań podejmowanych przez jednostki samorządowe (AOTM-OT-P183).\r\nGMPZ w szczególności:\r\n- dotyczy zarówno populacji zdrowej (profilaktyka pierwotna), jak i populacji z już wykrytymi zaburzeniami (profilaktyka wtórna)\r\n- podstawą działań jest edukacja, która obejmuje środowisko rodzinne dziecka i szkoły\r\n- uzupełnia, a nie powiela działania finansowane ze środków publicznych NFZ\r\n- posiada bardzo precyzyjne narzędzia monitorowania wskaźników rezultatu (narzędzia nowoczesnego zarządzania projektem)\r\n- dotyczy interwencji behawioralnych realizowanych przez zespół specjalistów wielu dziedzin, w tym psychologów kierujących procesem zmian stylu życia\r\nWymienione cechy GMPZ czynią go swoistym „Know – how”, którego wdrożenie możliwe jest na terenie innych samorządów, które zamierzają w sposób systemowy wspierać zdrowotnie rodziny.\r\n\r\nDziałania GMPZ wspierane są działaniami medialnymi realizowaną za pośrednictwem strony internetowej, portali społecznościowych oraz lokalnych mediów. Uczestnicy na wszystkich etapach otrzymują stosowne broszury, informatory oraz materiały edukacyjne.\r\n', 'Zasięg działań GMPZ kształtuję się na poziomie ok. 70% całej populacji. W zależności od grupy wiekowej wskazań należy dotarcie do ok. 80% 6latków (ZŻTDz) ok. 70% 9-11 latków (ZU), oraz 60% wśród 14 latków (przesiew „6-10-14 dla Zdrowia”).\r\nDo etapu specjalistycznego Programu zakwalifikowano ok. 11% przebadanych dzieci u których zdiagnozowano czynniki ryzyka rozwoju chorób cywilizacyjnych.\r\n', 'Na etapie wstępnym (przesiewowym) GMPZ dociera do dzieci szkolnych w wieku 6 lat (poprzez Program ZŻTDz realizowany przez OPZ), 9-11 lat (poprzez Program ZU realizowanym przez OPZ) oraz do dzieci 14 letnich (przesiew Programu „6-10-14 dla Zdrowia”. We wskazanym okresie: 2011 - 2016 r. przebadano w etapie przesiewowym:\r\n•	18 000 dzieci 6-letnich\r\n•	15 000 dzieci 9-11 letnich\r\n•	8 000 młodzieży 14 – letniej\r\nDo etapu specjalistycznego zakwalifikowano:\r\n•	1 140 dzieci 6-letnich (6,35% przebadanej populacji)\r\n•	2 000 dzieci 9-11 -letnich (13,33% przebadanej populacji)\r\n•	1 370 dzieci 14-letnich (17% przebadanej populacji)\r\nPodczas warsztatów edukacyjnych (interdyscyplinarnych zajęć edukacyjnych realizowanych przez dietetyków, specjalistów aktywności fizycznej, lekarzy, promotorów zdrowia) przeszkolono 422 rodziców i dzieci z zakresu budowania zdrowego stylu życia w oparciu o zdrowe odżywianie i aktywność fizyczną.\r\n\r\n•	U 18 % dzieci znajdujących się pod opieką etapu specjalistycznego Programu „6-10-14 dla Zdrowia” zidentyfikowano poważne odchylenia w wynikach badań laboratoryjnych (przede wszystkim w poziomie glukozy, trójglicerydów i poszczególnych frakcji cholesterolu) wymagające natychmiastowej dodatkowej konsultacji specjalistycznej (głównie u diabetologa lub endokrynologa dziecięcego), zapewnionej w ramach Programu. \r\n•	Efektem rocznego uczestnictwa w programie specjalistycznym jest obniżenie centyla BMI średnio o 6 punktów procentowych u ponad 75 % podopiecznych. Dodatkowo obserwowana jest poprawa w parametrach opisujących skład ciała: obniżenie odsetka tkanki tłuszczowej w organizmie, poprawa parametrów opisujących  działanie układu krążeniowo-odechowego, poprawa zachowań związanych ze stylem odżywiania i aktywnością fizyczną. Innowacyjność Programu „6-10-14 dla Zdrowia” uznana została również przez Europejskie Towarzystwo Badań nad Otyłością – EASO (The European Association for the Study of Obesity).  Certyfikacja  EASO nadaje UCK oraz Programowi „6-10-14 dla Zdrowia” prestiżowy tytuł Centrum Leczenia Otyłości. Jest certyfikatem potwierdzającym efektywność kliniczną oraz jakość prowadzonej interwencji.\r\n\r\nIstotną obserwacją jest zmiana w wynikach badań przesiewowych realizowanych w Gdańsku. Zestawiając ze sobą wyniki badań przesiewu realizowanego w roku szkolnym 2011/2012 (pierwszy przesiew realizowany w ramach GMPZ) z cyklem przesiewowym 2015/2016 należy wskazać:\r\n•	wzrost odsetka dzieci z prawidłową masą ciała (z 66,2% na 69,5% przebadanej populacji)\r\n•	obniżenie odsetka dzieci u których diagnozowany jest nadmiar masy ciała (z 20,6% na 17,9% przebadanej populacji)\r\n•	wzrost odsetka dzieci z prawidłowymi wartościami ciśnienia tętniczego (z 80,7% na 89,3% przebadanej populacji)\r\n•	obniżenie odsetka dzieci u których zdiagnozowano podwyższone ciśnienie tętnicze (z 19,3% na 10,7% przebadanej populacji)\r\n•	wzrost odsetka dzieci u których wydolność krążęniowo-oddechowa oceniona zostało jako doskonała (z 4,8% na 12,7%), bardzo dobra (z 15,7% na 32,6%) oraz dobra (22,7% na 23% przebadanej populacji)\r\n•	Obniżenie odsetka dzieci u których wydolność krążeniowo-oddechowa oceniona została jako dostateczna (z 26% na 13,3%), słaba (z 21,1% na 10,7%) oraz bardzo słaba (z 4,6% na 1,7% przebadanej populacji)\r\n', 1);

-- --------------------------------------------------------

--
-- Struktura tabeli dla tabeli `custom_fields`
--

DROP TABLE IF EXISTS `custom_fields`;
CREATE TABLE IF NOT EXISTS `custom_fields` (
  `id` int(11) NOT NULL AUTO_INCREMENT,
  `name` varchar(40) COLLATE utf8_unicode_ci NOT NULL,
  `label` varchar(40) COLLATE utf8_unicode_ci NOT NULL,
  `value` varchar(40) COLLATE utf8_unicode_ci NOT NULL,
  `is_protected` tinyint(1) NOT NULL,
  PRIMARY KEY (`id`)
) ENGINE=InnoDB  DEFAULT CHARSET=utf8 COLLATE=utf8_unicode_ci AUTO_INCREMENT=3 ;

--
-- Zrzut danych tabeli `custom_fields`
--

INSERT INTO `custom_fields` (`id`, `name`, `label`, `value`, `is_protected`) VALUES
(2, 'examination_count', 'Liczba przeprowadzonych badań', '358316', 1);

-- --------------------------------------------------------

--
-- Struktura tabeli dla tabeli `events`
--

DROP TABLE IF EXISTS `events`;
CREATE TABLE IF NOT EXISTS `events` (
  `id` int(11) NOT NULL AUTO_INCREMENT,
  `city_id` int(11) DEFAULT NULL,
  `place` varchar(255) COLLATE utf8_unicode_ci NOT NULL,
  `address` varchar(255) COLLATE utf8_unicode_ci DEFAULT NULL,
  `start_date` date NOT NULL,
  `time_details` varchar(255) COLLATE utf8_unicode_ci NOT NULL,
  `lat` double NOT NULL,
  `lng` double NOT NULL,
  `info` longtext COLLATE utf8_unicode_ci,
  `end_date` date NOT NULL,
  PRIMARY KEY (`id`),
  KEY `IDX_5387574A8BAC62AF` (`city_id`)
) ENGINE=InnoDB  DEFAULT CHARSET=utf8 COLLATE=utf8_unicode_ci AUTO_INCREMENT=233 ;

--
-- Zrzut danych tabeli `events`
--

INSERT INTO `events` (`id`, `city_id`, `place`, `address`, `start_date`, `time_details`, `lat`, `lng`, `info`, `end_date`) VALUES
(59, 40, 'CNŻ BUS', 'parking Kaufland przy ul.Wierusza–Kowalskiego - Suwałki', '2014-07-08', '08-09.07.2014', 54.1115218, 22.930788099999972, NULL, '2014-07-09'),
(60, 41, 'CNŻ BUS', 'Biełsk Podlaski', '2014-07-04', '4-5.07.2014', 52.7650576, 23.186752399999932, NULL, '2014-07-05'),
(61, 42, 'CNŻ BUS', 'parking Ostrołęckiego Centrum Kultury - Ostrołęka', '2014-07-10', '10-11.07.2014', 53.0876544, 21.559255399999984, NULL, '2014-07-11'),
(62, 43, 'CNŻ BUS', 'Ostrów Mazowiecka', '2014-07-10', '10-11.07.2014', 52.8024372, 21.895041600000013, NULL, '2014-07-11'),
(63, 44, 'CNŻ BUS', 'Nowy Targ', '2014-07-15', '15-16.07.2014', 49.4774647, 20.032096000000024, NULL, '2014-07-16'),
(64, 45, 'CNŻ BUS', 'Myślenice', '2014-07-17', '17-18.07.2014', 49.83347, 19.93965000000003, NULL, '2014-07-18'),
(68, 49, 'CNŻ BUS', 'parking Urzędu Miasta Rybnika od strony ul. Miejskiej', '2014-08-05', '05-06.08.2014', 50.1021742, 18.5462847, NULL, '2014-08-06'),
(71, 52, 'CNŻ BUS', 'przed budynkiem Starostwa Powiatowego w Ostrowcu Świętokrzyskim', '2014-08-14', '14.08.2014', 50.9295234, 21.3851915, NULL, '2014-08-14'),
(74, 55, 'CNŻ BUS', 'parking Miejskiego Ośrodka Sportu i Rekreacji - Puławy', '2014-08-21', '21-22.08.2014', 51.4164431, 21.969309000000067, NULL, '2014-08-22'),
(77, 58, 'CNŻ BUS', 'Elbląg', '2014-08-26', '26-27.08.2014', 54.1560613, 19.4044897, NULL, '2014-08-27'),
(78, 59, 'CNŻ BUS', 'Giżycko', '2014-08-28', '28-29.08.2014', 54.03640499999999, 21.766734100000008, NULL, '2014-08-29'),
(79, 60, 'CNŻ BUS', 'parking Unia Park Handlowy', '2014-09-03', '03-04.09.2014', 53.4837486, 18.75356499999998, NULL, '2014-09-04'),
(83, 62, 'Światowy Dzień Serca', 'Zakopane', '2014-09-28', '28.09.2014', 49.299181, 19.9495621, NULL, '2014-09-28'),
(84, 20, 'Konferencja „Kobieta niepełnosprawna w opiece medycznej', 'Katowice', '2014-06-10', '10-11.06.2014', 50.26489189999999, 19.02378150000004, NULL, '2014-06-11'),
(86, 13, '"CNŻ Zmierz ciśnienie przed odlotem/przed odjazdem"', 'Warszawa', '2014-06-26', '26.06.2014', 52.2296756, 21.012228700000037, NULL, '2014-06-26'),
(88, 17, 'Osiedle Pobitno', 'Osiedle pobitno', '2014-06-08', '8.06.2014', 50.0443389, 22.032875399999966, NULL, '2014-06-08'),
(89, 65, 'Powiatowy Dzień Zdrowia', 'Zelów', '2014-05-16', '16.05.2014', 51.46434, 19.219820000000027, NULL, '2014-05-16'),
(90, 66, 'Dzień Świadomości  Niewydolności Serca', 'Kraków', '2014-05-25', '25.05.2014', 50.0646501, 19.9449799, NULL, '2014-05-25'),
(91, 67, 'Piknik z okazji Dnia Dziecka', 'Zaczenie', '2014-06-01', '01.06.2014', 50.093103, 22.0052711, 'w godz. 14.00-20.00', '2014-06-01'),
(92, 68, 'MILITARIADA', 'Nowa Dęba', '2014-06-15', '15.06.2014', 50.42959, 21.75076999999999, NULL, '2014-06-15'),
(93, 69, 'Dni Nowego Sącza', 'Nowy Sącz', '2014-07-05', '05-06.07.2014', 49.6174535, 20.7153326, NULL, '2014-07-06'),
(94, 64, 'Pielgrzymki', 'Częstochowa', '2014-08-14', '14-15.08.2014', 50.8118195, 19.120309399999996, NULL, '2014-08-15'),
(95, 13, 'Ciśnienie Kibica', 'Warszawa', '2014-08-30', '30.08.2014', 52.2296756, 21.012228700000037, NULL, '2014-08-30'),
(102, 13, 'Edupiknik na Agrykoli', 'Warszawa', '2014-06-14', '14.06.2014', 52.2296756, 21.0122287, NULL, '2014-06-14'),
(104, 13, 'Dzień spaceru', 'Warszawa', '2014-06-08', '08.06.2014', 52.2296756, 21.012228700000037, NULL, '2014-06-08'),
(105, 12, 'Dzień Spaceru', 'Łódź', '2014-06-08', '08.06.2014', 51.7592485, 19.45598330000007, NULL, '2014-06-08'),
(106, 70, 'Dzień Spaceru', 'Gdańsk', '2014-06-08', '08.06.2014', 54.35202520000001, 18.64663840000003, NULL, '2014-06-08'),
(107, 24, 'Dzień Spaceru', 'Zabrze', '2014-06-08', '08.06.2014', 50.3249278, 18.785718599999996, NULL, '2014-06-08'),
(109, 71, 'CNŻ BUS', 'parking Kaufland, ul. Kościuszki 9 - Chorzów', '2014-07-01', '01-02.07.2014', 50.2992935, 18.95851259999995, NULL, '2014-07-02'),
(112, 73, 'CNŻ BUS', 'ul. Plac Stary Rynek - Mińsk Mazowiecki', '2014-07-17', '17-18.07.2014', 52.1788065, 21.570408499999985, NULL, '2014-07-18'),
(113, 74, 'CNŻ BUS', 'parking miejski przy skrzyżowaniu ul. Zgody z ul. Sierakowskiego - Piaseczno', '2014-07-19', '19.07.2014', 52.0811536, 21.023860199999945, NULL, '2014-07-19'),
(114, 75, 'CNŻ BUS', 'przy ulicy Racławickiej 10 - Miechowski Dom Kultury - Miechów', '2014-07-24', '24-25.07.2014', 50.3568703, 20.027412599999934, NULL, '2014-07-25'),
(115, 76, 'CNŻ BUS', 'parking Kauflad, Lwowska 63', '2014-07-29', '29-30.07.2014', 50.01285069999999, 21.006548599999974, NULL, '2014-07-30'),
(116, 77, 'CNŻ BUS', 'przed Halą Widowiskow- Sportową w Jaworznie ul. Grunwaldzka 80', '2014-07-31', '31.07-01.08.2014', 50.2039429, 19.272524900000008, NULL, '2014-08-01'),
(118, 78, 'CNŻ BUS', 'Plac Wolności przy pomniku Bojowników o Polskość Śląska Opolskiego', '2014-08-07', '07-08.08.2014', 50.6705804, 17.956488499999978, NULL, '2014-08-08'),
(121, 53, 'CNŻ BUS', 'Zamość', '2014-08-19', '19-20.08.2014', 50.7230879, 23.251968600000055, NULL, '2014-08-20'),
(125, 79, 'CNŻ BUS', 'Park Solidarności przy ul. Wzg. Wolności', '2014-08-29', '29.08.2014', 54.3343, 18.197200000000066, NULL, '2014-08-29'),
(126, 21, 'CNŻ BUS', 'przy Placu Konstytucji 3 Maja', '2014-09-09', '09-10.09.2014', 51.4027236, 21.1471333, 'Obok Kościoła Garnizonowego - naprzeciwko fontann miejskich.', '2014-09-10'),
(127, 26, 'CNŻ BUS', 'plac przy ul. Zamkowej 16', '2014-09-11', '11.09.2014', 51.6567303, 19.35776, 'plac pomiędzy Urzędem Miejskim w Pabianicach, a Spółdzielczym Domem Handlowym "Trzy Korony"', '2014-09-11'),
(128, 25, 'CNŻ BUS', 'Kaufland ul. Konstytucji 3-go Maja 1/3', '2014-09-12', '12.09.2014', 51.5311945, 20.008647099999962, NULL, '2014-09-12'),
(129, 80, 'CNŻ BUS', 'Plac Kościuszki', '2014-09-16', '16.09.2014', 52.2301022, 20.23781980000001, NULL, '2014-09-16'),
(131, 81, 'CNŻ BUS', 'Jarociński rynek', '2014-09-19', '19.09.2014', 51.972169, 17.501698300000044, NULL, '2014-09-19'),
(133, 30, 'CNŻ BUS', 'parking przed Galerią nad Jeziorem', '2014-09-23', '23.09.2014', 52.2230334, 18.251072900000054, NULL, '2014-09-23'),
(134, 31, 'CNŻ BUS', 'Plac Zwycięstwa', '2014-09-24', '24.09.2014', 53.15026779999999, 16.73565719999999, NULL, '2014-09-24'),
(137, 82, 'CNŻ BUS', 'Plac Wolności', '2014-10-02', '02-03.10.2014', 53.9086264, 14.249008099999969, NULL, '2014-10-03'),
(138, 34, 'CNŻ BUS', 'Olsztyn', '2014-10-07', '7-8.10.2014', 53.778422, 20.48011930000007, NULL, '2014-10-08'),
(139, 35, 'CNŻ BUS', 'parking przy Urzędzie Miasta', '2014-10-09', '09-10.10.2014', 53.5959811, 19.568410399999948, 'na parkingu przyległym do budynku Urzędu Miasta oraz głównego chodnika w centrum miasta.', '2014-10-10'),
(140, 83, 'CNŻ BUS', 'ul. Złotoryjska', '2014-10-14', '14-15.10.2014', 51.1983292, 16.14051459999996, NULL, '2014-10-15'),
(141, 84, 'CNŻ BUS', 'ul. Różyckiego 6', '2014-10-16', '16-17.10.2014', 50.9033623, 15.7346441, NULL, '2014-10-17'),
(143, 51, 'CNŻ BUS', 'Rynek w Przemyślu', '2014-08-12', '12-13.08.2014', 49.78243879999999, 22.769528300000047, NULL, '2014-08-13'),
(144, 72, 'CNŻ BUS', 'parking  Kaufland, ul. Gałczyńskiego 11 - Płock', '2014-07-15', '15-16.07.2014', 52.5463446, 19.706536400000005, NULL, '2014-07-16'),
(145, 86, 'CNŻ BUS', 'Rynek w Nakle na parkingu', '2014-09-02', '02.09.2014', 53.1417565, 17.6018342, NULL, '2014-09-02'),
(146, 27, 'Zdrowa Niedziela', 'Bełchatów', '2014-06-08', '08.06.2014', 51.3687535, 19.356424800000013, NULL, '2014-06-08'),
(147, 66, 'CNŻ BUS', 'Stary pas lotniczy przy Muzeum Lotnictwa w Krakowie', '2014-09-25', '25-27.09.2014', 50.06465009999999, 19.94497990000002, 'MŚ Kierowców Zawodowych', '2014-09-27'),
(148, 13, 'Festiwal Szpitalna łączy', 'Warszawa', '2014-06-14', '14.06.2014', 52.2296756, 21.012228700000037, NULL, '2014-06-14'),
(149, 87, 'V Jarmark Powiatowy w Sieradzu', 'Plac Wojewódzki', '2014-09-13', '13-14.09.2014', 51.593524, 18.734085700000037, NULL, '2014-09-14'),
(153, 13, 'Wakacyjna akcja z GITD', 'Warszawa', '2014-07-09', '9.07.2014', 52.2296756, 21.012228700000037, NULL, '2014-07-09'),
(154, 88, 'Wakacyjna akcja z GITD', 'Wrocław', '2014-07-18', '18.07.2014', 51.1078852, 17.03853760000004, NULL, '2014-07-18'),
(155, 13, 'Wakacyjna akcja z GITD', 'Warszawa', '2014-07-11', '11.07.2014', 52.2296756, 21.012228700000037, NULL, '2014-07-11'),
(157, 90, 'CNŻ BUS', 'Włocławek parking przed Kauflandem ul. Kilińskiego 5', '2014-08-23', '23-24.08.2014', 52.6559203, 19.062295800000015, NULL, '2014-08-24'),
(158, 56, 'CNŻ BUS', 'Festyn Janowa Biesiada, prak miejski przy ul. Filtrowej', '2014-08-30', '30.08.2014', 54.5707832, 18.387822400000005, NULL, '2014-08-30'),
(159, 13, 'Bieg Serca', 'Warszawa OSiR Targówek', '2014-09-07', '07.09.2014 r.', 52.2823819, 21.06536779999999, NULL, '2014-09-07'),
(160, 46, 'Zdrowe Wadowice', 'Park Miejski,  Aleja Wolności', '2014-09-07', '07.09.2014 r.', 49.8746163, 19.488920000000007, NULL, '2014-09-07'),
(161, 12, 'XII Międzynarodowa Konferencja w Łodzi', 'Urząd Miasta – Duża Sala Obrad, ul. Piotrkowska 104', '2014-09-16', '16.09.2014 r.', 51.7645653, 19.457577300000025, 'XII Międzynarodowa Konferencja „Edukacja XXI wieku i jej wykorzystanie w pierwszej pomocy i ratownictwie. Nowatorskie rozwiązania i technologie”', '2014-09-16'),
(162, 23, 'XVIII Międzynarodowy Kongres PTK', 'ul. Głogowska 14', '2014-09-18', '18-20.09.2014 r.', 52.4024689, 16.90952089999996, NULL, '2014-09-20'),
(163, 16, 'Dzień Serca', 'Starogardzki Rynek, ul. Rynek', '2014-09-20', '20.09.2014 r.', 53.9669659, 18.5320812, NULL, '2014-09-20'),
(164, 13, 'Dzień Aptekarza', 'warszawska Filharmonia', '2014-09-24', '24.09.2014 r.', 52.2296756, 21.012228700000037, NULL, '2014-09-24'),
(166, 63, 'CNŻ BUS', 'Pl. Św. Wojciecha', '2014-09-14', '14.09.2014 r.', 52.5374546, 17.59043459999998, NULL, '2014-09-14'),
(167, 64, 'CNŻ BUS', 'Wojewódzki Szpital Specjalistyczny ul.Bialska 104/118', '2014-09-20', '20.09.2014 r.', 50.8296841, 19.0894462, NULL, '2014-09-20'),
(168, 13, 'Bieg Pracowników Poczty Polskiej', 'Park Młociński', '2014-10-18', '18.10.2014', 52.3185772, 20.922412399999985, NULL, '2014-10-18'),
(169, 85, 'CNŻ BUS', 'Park im. Jana Pawła II', '2014-10-21', '21-22.10.2014', 51.408283, 19.6910177, NULL, '2014-10-22'),
(170, 89, 'CNŻ BUS', 'Rynek', '2014-10-23', '23-24.10.2014', 51.8438168, 16.5750647, NULL, '2014-10-24'),
(171, 84, 'CNŻ BUS', 'ul. Różyckiego 6', '2014-10-16', '16-17.10.2014', 50.9113445, 15.7486895, NULL, '2014-10-17'),
(172, 13, 'Bieg Pracowników Poczty Polskiej', 'Park Młociński', '2014-10-18', '18.10.2014', 52.3185772, 20.9224124, NULL, '2014-10-18'),
(173, 44, 'CNŻ BUS', 'Rynek', '2014-10-26', '26.10.2014', 49.4815709, 20.0318852, NULL, '2014-10-26'),
(174, 22, 'Parking', 'przy pl. Jana Pawła II (dziedziniec pałacu Branickich)', '2015-05-18', '18.05.2015-19.05.2015', 53.1324886, 23.1688403, NULL, '2015-05-19'),
(175, 92, 'Plac Wolności', 'Plac Wolności', '2015-05-20', '20.05.2015-21.05.2015', 52.0335666, 23.1196467, NULL, '2015-05-21'),
(177, 94, 'Park', 'Róg ul. Kościuszki i ul. Nadwodnej', '2015-05-25', '25.05.2015', 51.8962301, 21.615761799999973, NULL, '2015-05-25'),
(178, 95, 'Parking przy Biedronce', 'ul. Batorego 32', '2015-05-26', '26.05.2015', 52.099928, 21.254605999999967, NULL, '2015-05-26'),
(179, 96, 'Plac Litewski', NULL, '2015-05-27', '27.05.2015-28.05.2015', 51.249039, 22.559762099999944, NULL, '2015-05-28'),
(180, 34, 'Galeria Warmińska', 'ul.Tuwima 26', '2015-05-29', '29.05.2015-30.05.2015', 53.7539534, 20.484910300000024, NULL, '2015-05-30'),
(181, 97, 'CNŻ Bus', 'Plac Jana Pawła II w Ełku', '2015-06-01', '01.06-02.06.2015', 53.8180682, 22.3557578, NULL, '2015-06-02'),
(182, 98, 'CNŻ Bus', 'Stary Rynek', '2015-06-03', '03.06.2015-04.06.2015', 53.1789835, 22.0815342, NULL, '2015-06-04'),
(183, 99, 'CNŻ Bus', 'Plac Bartosza Głowackiego', '2015-06-08', '08.06.2015-09.06.2015', 50.5735521, 21.6720726, NULL, '2015-06-09'),
(184, 100, 'CNŻ Bus', 'ul. Marii Curie-Sktodowskiej w pobliżu placu Armii Krajowej', '2015-06-10', '10.06.2015-11.06.2015', 50.287063, 21.4238101, NULL, '2015-06-11'),
(185, 101, 'CNŻ Bus', 'ul. Rynek', '2015-06-15', '15.06.2015-16.06.2015', 49.5612946, 22.2071958, NULL, '2015-06-16'),
(186, 102, 'CNŻ Bus', 'ul. Rynek', '2015-06-17', '17.06.2015-18.06.2015', 49.6889327, 19.2022687, NULL, '2015-06-18'),
(190, 66, 'CNŻ Bus', 'Bulwar Wielkiej Armii Napoleona', '2015-06-13', '13.06.2015', 50.0646501, 19.9449799, NULL, '2015-06-13'),
(191, 93, 'CNŻ Bus', 'Ratusz Legionowo (19.06), Arena Legionowo (20.06)', '2015-06-19', '19.06.2015-20.06.2015', 52.4044483, 20.9499697, NULL, '2015-06-20'),
(192, 103, 'Parking', 'przy kinie Centrum , nieopodal Galerii Handlowej „Jastrzębie”', '2015-06-22', '22.06-23.06.2015', 49.9454207, 18.610110299999974, NULL, '2015-06-23'),
(193, 104, 'CNŻ Bus', 'plac Jana Pawła II', '2015-06-24', '24.06-25.06.2015', 50.2853893, 18.875234399999954, NULL, '2015-06-25'),
(194, 105, 'CNŻ Bus', 'ul. Rynek', '2015-06-29', '29.06-30.06.2015', 50.4443338, 18.855852899999945, NULL, '2015-06-30'),
(195, 78, 'CNŻ BUS', 'Rynek Główny', '2015-07-01', '01.07.-02.07.2015', 50.6751067, 17.921297600000003, NULL, '2015-07-02'),
(196, 29, 'CNŻ Bus', 'Główny Rynek', '2015-07-06', '06.07-07.07.2015', 51.7672799, 18.0853462, NULL, '2015-07-07'),
(197, 107, 'CNŻ Bus', 'Galeria Ostrovia, ul. Kaliska 120', '2015-07-24', '24.07-25.07.2015', 51.6578495, 17.846681999999987, NULL, '2015-07-25'),
(198, 108, 'CNŻ Bus', 'Rynek przy Ratuszu', '2015-07-13', '13.07-14.07.2015', 51.3104211, 17.0632716, NULL, '2015-07-14'),
(199, 36, 'CNŻ Bus', 'ul.1 maja 64, Galeria Victoria', '2015-07-15', '15.07-16.07.2015', 50.7840092, 16.2843553, NULL, '2015-07-16'),
(201, 109, 'CNŻ Bus', 'Cuprum Arena ul. Sikorskiego 20', '2015-07-20', '20.07.-21.07.2015', 51.394069, 16.202406999999994, NULL, '2015-07-21'),
(202, 110, 'CNŻ Bus', 'Pl. Bohaterów Westerplatte', '2015-07-22', '22.07.-23.07.2015', 51.94359009999999, 15.50908579999998, NULL, '2015-07-23'),
(203, 89, 'CNŻ Bus', '27.07.15 - Rynek; 28.07.15 - Galeria Leszno', '2015-07-27', '27.07.-28.07.2015', 51.8419861, 16.5937545, NULL, '2015-07-28'),
(204, 111, 'CNŻ Bus', 'Rynek Główny', '2015-07-29', '29.07.-30.07.2015', 52.6116547, 16.5779047, NULL, '2015-07-30'),
(205, 63, 'CNŻ Bus', 'Rynek Główny', '2015-08-03', '03.08.-04.08.2015', 52.5349253, 17.5826575, NULL, '2015-08-04'),
(206, 61, 'CNŻ Bus', 'Plac przed Halą Widowiskowo-Sportową, al. Niepodległości 4', '2015-08-05', '05.08.-06.08.2015', 52.790017, 18.249883899999986, NULL, '2015-08-06'),
(207, 112, 'CNŻ Bus', 'Rynek Nowomiejski', '2015-08-10', '10.08.-11.08.2015', 53.0137902, 18.5984437, NULL, '2015-08-11'),
(208, 113, 'CNŻ Bus', 'NZOZ CENTRUM MEDYCZNE - IKAR, ul. Ikara 4', '2015-08-12', '12.08.-13.08.2015', 53.4918512, 18.7507637, NULL, '2015-08-13'),
(209, 114, 'CNŻ Bus', 'Miejskie Centrum Sportu i Rekreacji, ul. Kopernika 3', '2015-08-17', '17.08.-18.08.2015', 52.6230132, 20.3753589, NULL, '2015-08-18'),
(210, 115, 'CNŻ Bus', 'Plac Wolności', '2015-08-19', '19.08.-20.08.2015', 52.2308402, 19.36153999999999, NULL, '2015-08-20'),
(211, 116, 'CNŻ Bus', 'Plac Jana Pawła II', '2015-08-24', '24.08.-25.08.2015', 51.8559132, 19.40420919999997, NULL, '2015-08-25'),
(212, 12, 'CNŻ Bus', 'Rynek Manufaktury', '2015-08-26', '26.08.-27.08.2015', 51.7592485, 19.45598330000007, NULL, '2015-08-27'),
(213, 27, 'CNŻ Bus', 'Parking przed Urzędem Miasta, ul. Kościuszki 1', '2015-08-31', '31.08.2015-01.09.2015', 51.3667439, 19.3692305, NULL, '2015-09-01'),
(214, 56, 'CNŻ Bus', '4.09 – Parking przed Urzędem Miasta, 5.09 – Park Miejski, ul. Filtrowa', '2015-09-04', '04.09.2015-05.09.2015', 54.5707832, 18.3878224, NULL, '2015-09-05'),
(215, 118, 'CNŻ Bus', 'Aleja Księdza Józefa Waląga, okolice fontanny', '2015-09-07', '07.09.2015-08.09.2015', 54.2621505, 18.63617260000001, NULL, '2015-09-08'),
(216, 119, 'CNŻ Bus', 'Galeria Handlowa EMKA, ul. Jana Pawła II 20', '2015-09-09', '09.09.2015-10.09.2015', 54.20630310000001, 16.185767299999952, NULL, '2015-09-10'),
(217, 120, 'CNŻ Bus', '12.09 - Hala Sportowa ul. Westwala 3a, 13.09 - Centrum Kultury ul. Spółdzielcza 9', '2015-09-12', '12.09.2015-13.09.2015', 52.1053734, 20.623942299999953, NULL, '2015-09-13'),
(218, 121, 'CNŻ Bus', 'Rynek Miejski', '2015-09-15', '15.09.2015-16.09.2015', 52.1947199, 20.6180708, NULL, '2015-09-16'),
(219, 122, 'CNŻ Bus', 'Plac przy Wałeckim Centrum Kultury, Plac Zesłańców Sybiru 3', '2015-09-21', '21.09.2015-22.09.2015', 53.272868, 16.4700367, NULL, '2015-09-22'),
(220, 123, 'CNŻ Bus', 'Parking przy markecie Polo Market ul. Cieślaka 7', '2015-09-23', '23.09.2015-24.09.2015', 53.7078346, 16.7095536, NULL, '2015-09-24'),
(221, 91, 'CNŻ Bus', 'Rynek Miejski', '2015-09-19', '19.09.2015-20.09.2015', 49.7060777, 20.4217802, NULL, '2015-09-20'),
(222, 33, 'CNŻ Bus', 'Hala Milenium, Plac Ratuszowy', '2015-09-27', '27.09.2015-28.09.2015', 54.17618239999999, 15.576707599999963, NULL, '2015-09-28'),
(223, 76, 'CNŻ Bus', 'Parking przy markecie Kauflanfd ul. Lwowska 63', '2015-09-30', '30.09.2015-01.10.2015', 50.01279419999999, 21.00655759999995, NULL, '2015-10-01'),
(224, 66, 'CNŻ Bus', 'Plac Szczepański', '2015-10-05', '05.10.2015-06.10.2015', 50.0642669, 19.935199399999988, NULL, '2015-10-06'),
(225, 124, 'CNŻ Bus', 'Parking przy Hali Widowiskowo- Sportowej w Skawinie, ul. Konstytucji 3 Maja 4', '2015-10-07', '07.10.2015-08.10.2015', 49.97146, 19.825951000000032, NULL, '2015-10-08'),
(226, 125, 'CNŻ Bus', 'Parking przy Centrum Handlowe A-Z Ul. Grota Roweckiego 53', '2015-10-12', '12.10.2015-13.10.2015', 50.1162174, 18.9909919, NULL, '2015-10-13'),
(227, 43, 'CNŻ Bus', 'Rynek przy Urzędzie Miasta', '2015-10-15', '15.10.2015-16.10.2015', 52.8024372, 21.895041600000013, NULL, '2015-10-16'),
(228, 13, 'CNŻ Bus', 'Parking przy Centrum Handlowym Sadyba Best Mall', '2015-10-19', '19.10.2015-20.10.2015', 52.2296756, 21.012228700000037, NULL, '2015-10-20'),
(229, 127, 'CNŻ Bus', 'teren przed CH Hermes', '2015-10-22', '22.10.2015-23.10.2015', 51.114294, 20.84778270000004, NULL, '2015-10-23'),
(230, 126, 'CNŻ Bus', 'Rynek Główny', '2015-10-26', '26.10.2015-27.10.2015', 50.8660773, 20.628567699999962, NULL, '2015-10-27'),
(231, 128, 'Beskidzki Dzień Serca', 'Park Słowackiego przy Beskidzkim Centrum Kultury', '2016-09-23', '2016-09-23', 49.8265902, 19.0379631, NULL, '2016-09-23'),
(232, 13, 'Vege Run', 'Park Skaryszewski', '2016-09-24', '2016-09-24', 52.2402193, 21.0613873, NULL, '2016-09-24');

-- --------------------------------------------------------

--
-- Struktura tabeli dla tabeli `fos_user`
--

DROP TABLE IF EXISTS `fos_user`;
CREATE TABLE IF NOT EXISTS `fos_user` (
  `id` int(11) NOT NULL AUTO_INCREMENT,
  `username` varchar(255) COLLATE utf8_unicode_ci NOT NULL,
  `username_canonical` varchar(255) COLLATE utf8_unicode_ci NOT NULL,
  `email` varchar(255) COLLATE utf8_unicode_ci NOT NULL,
  `email_canonical` varchar(255) COLLATE utf8_unicode_ci NOT NULL,
  `enabled` tinyint(1) NOT NULL,
  `salt` varchar(255) COLLATE utf8_unicode_ci NOT NULL,
  `password` varchar(255) COLLATE utf8_unicode_ci NOT NULL,
  `last_login` datetime DEFAULT NULL,
  `locked` tinyint(1) NOT NULL,
  `expired` tinyint(1) NOT NULL,
  `expires_at` datetime DEFAULT NULL,
  `confirmation_token` varchar(255) COLLATE utf8_unicode_ci DEFAULT NULL,
  `password_requested_at` datetime DEFAULT NULL,
  `roles` longtext COLLATE utf8_unicode_ci NOT NULL COMMENT '(DC2Type:array)',
  `credentials_expired` tinyint(1) NOT NULL,
  `credentials_expire_at` datetime DEFAULT NULL,
  PRIMARY KEY (`id`),
  UNIQUE KEY `UNIQ_957A647992FC23A8` (`username_canonical`),
  UNIQUE KEY `UNIQ_957A6479A0D96FBF` (`email_canonical`)
) ENGINE=InnoDB  DEFAULT CHARSET=utf8 COLLATE=utf8_unicode_ci AUTO_INCREMENT=4 ;

--
-- Zrzut danych tabeli `fos_user`
--

INSERT INTO `fos_user` (`id`, `username`, `username_canonical`, `email`, `email_canonical`, `enabled`, `salt`, `password`, `last_login`, `locked`, `expired`, `expires_at`, `confirmation_token`, `password_requested_at`, `roles`, `credentials_expired`, `credentials_expire_at`) VALUES
(3, 'admin', 'admin', 'artur.kasprzyk@nuorder.pl', 'artur.kasprzyk@nuorder.pl', 1, '9ynjzwg2hm0osg44w44w8wwg4sc8gk0', '08brnQVQSeZ7qAgR5ygTGm5hnuPc5U7e0hWqAsv5bN/aexZw2jNJSXc8jt82EOV6hx7Ru8p2xid0mwLU9FZjXw==', '2016-12-14 11:26:58', 0, 0, NULL, NULL, NULL, 'a:1:{i:0;s:10:"ROLE_ADMIN";}', 0, NULL);

-- --------------------------------------------------------

--
-- Struktura tabeli dla tabeli `gallery_elements`
--

DROP TABLE IF EXISTS `gallery_elements`;
CREATE TABLE IF NOT EXISTS `gallery_elements` (
  `id` int(11) NOT NULL AUTO_INCREMENT,
  `label` varchar(255) COLLATE utf8_unicode_ci NOT NULL,
  `file` varchar(255) COLLATE utf8_unicode_ci NOT NULL,
  `thumbnail_file` varchar(255) COLLATE utf8_unicode_ci NOT NULL,
  PRIMARY KEY (`id`)
) ENGINE=InnoDB  DEFAULT CHARSET=utf8 COLLATE=utf8_unicode_ci AUTO_INCREMENT=47 ;

--
-- Zrzut danych tabeli `gallery_elements`
--

INSERT INTO `gallery_elements` (`id`, `label`, `file`, `thumbnail_file`) VALUES
(19, '"Ciśnienie Podatnika", Warszawa, 28.04.2014', '74e5feefc6b40d7c.jpg', '74e5feefc6b40d7c_thumbnail.png'),
(20, '"Ciśnienie Podatnika", Warszawa, 28.04.2014', 'd881f6134e4ef279.jpg', 'd881f6134e4ef279_thumbnail.png'),
(21, '"Ciśnienie Podatnika", Warszawa, 28.04.2014', 'd40960cea4a87369.jpg', 'd40960cea4a87369_thumbnail.png'),
(22, '"Ciśnienie Podatnika", Warszawa, 28.04.2014', 'd0fd97b066131f63.jpg', 'd0fd97b066131f63_thumbnail.png'),
(23, '"Ciśnienie Podatnika", Warszawa, 28.04.2014', '4e3d97e1caa717e0.jpg', '4e3d97e1caa717e0_thumbnail.png'),
(24, '"Ciśnienie Podatnika", Warszawa, 28.04.2014', '1202cc06fb6729f9.jpg', '1202cc06fb6729f9_thumbnail.png'),
(25, '"Akcja profilaktyki nadciśnienia", Zabrze, 29.04.2014', 'ee55f1a719381c70.jpg', 'ee55f1a719381c70_thumbnail.png'),
(26, '"Akcja profilaktyki nadciśnienia", Zabrze, 29.04.2014', '45eee6e5f99538a2.jpg', '45eee6e5f99538a2_thumbnail.png'),
(27, '"Akcja profilaktyki nadciśnienia", Zabrze, 29.04.2014', '1c9dbb7a76a240e3.jpg', '1c9dbb7a76a240e3_thumbnail.png'),
(28, '"Akcja profilaktyki nadciśnienia", Zabrze, 29.04.2014', '7dac88ba59b11606.jpg', '7dac88ba59b11606_thumbnail.png'),
(29, '"Akcja profilaktyki nadciśnienia", Zabrze, 29.04.2014', 'db62465e48f36938.jpg', 'db62465e48f36938_thumbnail.png'),
(30, '"Akcja profilaktyki nadciśnienia", Zabrze, 29.04.2014', 'ae674b0c7d104383.jpg', 'ae674b0c7d104383_thumbnail.png'),
(31, '"Akcja profilaktyki nadciśnienia", Zabrze, 29.04.2014', 'b8ed195540fa958f.jpg', 'b8ed195540fa958f_thumbnail.png'),
(32, '"Akcja profilaktyki nadciśnienia", Zabrze, 29.04.2014', '56cbea04f790dfb1.jpg', '56cbea04f790dfb1_thumbnail.png'),
(33, 'Rajd Miejski Gliwice 10-11.05.2014', '33c50e21f6cf375d.jpg', '33c50e21f6cf375d_thumbnail.png'),
(34, 'Rajd Miejski Gliwice 10-11.05.2014', '57e5de247e421e95.JPG', '57e5de247e421e95_thumbnail.png'),
(35, 'Rajd Miejski Gliwice 10-11.05.2014', 'cffc24524f67e42a.JPG', 'cffc24524f67e42a_thumbnail.png'),
(36, 'Rajd Miejski Gliwice 10-11.05.2014', 'beea97eb82b97c30.JPG', 'beea97eb82b97c30_thumbnail.png'),
(37, 'Rajd Miejski Gliwice 10-11.05.2014', '883cbad89e0cd277.JPG', '883cbad89e0cd277_thumbnail.png'),
(38, 'Rajd Miejski Gliwice 10-11.05.2014', '82153acfc9fea39d.JPG', '82153acfc9fea39d_thumbnail.png'),
(39, 'Rajd Miejski Gliwice 10-11.05.2014', 'c562aea17da66c36.JPG', 'c562aea17da66c36_thumbnail.png'),
(40, 'Rajd Miejski Gliwice 10-11.05.2014', 'c0e39088d6b9d517.JPG', 'c0e39088d6b9d517_thumbnail.png'),
(41, 'Rajd Miejski Gliwice 10-11.05.2014', 'fb624ca1f128991f.JPG', 'fb624ca1f128991f_thumbnail.png'),
(42, 'Rajd Miejski Gliwice 10-11.05.2014', 'fc2034911fb5500e.JPG', 'fc2034911fb5500e_thumbnail.png'),
(43, 'Rajd Miejski Gliwice 10-11.05.2014', '9f31b902cd32d7e2.JPG', '9f31b902cd32d7e2_thumbnail.png'),
(44, 'Rajd Miejski Gliwice 10-11.05.2014', '4c3c28c6327c6bdb.JPG', '4c3c28c6327c6bdb_thumbnail.png'),
(45, 'Rajd Miejski Gliwice 10-11.05.2014', '3ba86d02b03ee72e.JPG', '3ba86d02b03ee72e_thumbnail.png'),
(46, 'Rajd Miejski Gliwice 10-11.05.2014', 'dc771c3c1178e00b.JPG', 'dc771c3c1178e00b_thumbnail.png');

-- --------------------------------------------------------

--
-- Struktura tabeli dla tabeli `gallery_news`
--

DROP TABLE IF EXISTS `gallery_news`;
CREATE TABLE IF NOT EXISTS `gallery_news` (
  `id` int(11) NOT NULL AUTO_INCREMENT,
  `file` longtext COLLATE utf8_unicode_ci NOT NULL,
  `fileThumb` longtext COLLATE utf8_unicode_ci NOT NULL,
  `alt` varchar(255) COLLATE utf8_unicode_ci DEFAULT NULL,
  `newsId` int(11) NOT NULL,
  PRIMARY KEY (`id`)
) ENGINE=InnoDB  DEFAULT CHARSET=utf8 COLLATE=utf8_unicode_ci AUTO_INCREMENT=212 ;

--
-- Zrzut danych tabeli `gallery_news`
--

INSERT INTO `gallery_news` (`id`, `file`, `fileThumb`, `alt`, `newsId`) VALUES
(6, '1f24a70b17b090fa.jpg', '1f24a70b17b090fa_th_1.png', 'Cykl bezpłatnych badań profilaktycznych w całej Polsce', 8),
(7, 'c44cda8e4b04818c.jpg', 'c44cda8e4b04818c_th_1.png', 'Cykl bezpłatnych badań profilaktycznych w całej Polsce', 8),
(8, '2cf6e785015b9fdc.jpg', '2cf6e785015b9fdc_th_1.png', 'Cykl bezpłatnych badań profilaktycznych w całej Polsce', 8),
(9, '3fa1f6bb7a75d8da.jpg', '3fa1f6bb7a75d8da_th_1.png', 'Cykl bezpłatnych badań profilaktycznych w całej Polsce', 8),
(10, 'c241705bb40b3e92.JPG', 'c241705bb40b3e92_th_1.png', NULL, 10),
(11, '394653596e85a0ab.JPG', '394653596e85a0ab_th_1.png', NULL, 10),
(12, 'fc9b36f73b8b8330.JPG', 'fc9b36f73b8b8330_th_1.png', NULL, 10),
(13, '8d6e17fa728883ec.JPG', '8d6e17fa728883ec_th_1.png', NULL, 10),
(14, 'aa43bdea41863774.JPG', 'aa43bdea41863774_th_1.png', NULL, 10),
(15, '36fb527cd851ccff.JPG', '36fb527cd851ccff_th_1.png', NULL, 10),
(16, '6d35a63d0ec8ef82.JPG', '6d35a63d0ec8ef82_th_1.png', NULL, 10),
(17, '89aafb9b0c2146d1.JPG', '89aafb9b0c2146d1_th_1.png', NULL, 10),
(18, '6317d4437ce98ee4.JPG', '6317d4437ce98ee4_th_1.png', NULL, 10),
(19, '1bb68a74cd4e599d.JPG', '1bb68a74cd4e599d_th_1.png', NULL, 10),
(20, 'ec3f31a0b6540c2f.jpg', 'ec3f31a0b6540c2f_th_1.png', NULL, 11),
(21, '60a67bc2bc09b99a.jpg', '60a67bc2bc09b99a_th_1.png', NULL, 11),
(22, '7c2da9a21130805b.jpg', '7c2da9a21130805b_th_1.png', NULL, 11),
(23, 'aee56e0a1b568db1.jpg', 'aee56e0a1b568db1_th_1.png', NULL, 11),
(24, '248bf75d12afd22b.jpg', '248bf75d12afd22b_th_1.png', NULL, 11),
(25, '2417f7a9f17fd811.jpg', '2417f7a9f17fd811_th_1.png', NULL, 11),
(26, '565258ab06ce4b4b.jpg', '565258ab06ce4b4b_th_1.png', NULL, 11),
(27, '839d42ed799a0711.jpg', '839d42ed799a0711_th_1.png', NULL, 12),
(28, '5d10d874c317aaa3.jpg', '5d10d874c317aaa3_th_1.png', NULL, 12),
(29, '3a0c1fa086d32e39.jpg', '3a0c1fa086d32e39_th_1.png', NULL, 12),
(30, '16af5995472eda56.jpg', '16af5995472eda56_th_1.png', NULL, 12),
(31, '77f9609e360ee23a.jpg', '77f9609e360ee23a_th_1.png', NULL, 12),
(33, '08b4a570300b9cdc.jpg', '08b4a570300b9cdc_th_1.png', NULL, 15),
(34, 'e033d67bb8f3694d.jpg', 'e033d67bb8f3694d_th_1.png', NULL, 15),
(35, 'b30a189457b43fd0.jpg', 'b30a189457b43fd0_th_1.png', NULL, 15),
(36, 'fd44b0b335a61b3e.jpg', 'fd44b0b335a61b3e_th_1.png', NULL, 15),
(37, '351159487c5e8714.jpg', '351159487c5e8714_th_1.png', NULL, 15),
(38, 'a8508fd57b16e241.jpg', 'a8508fd57b16e241_th_1.png', NULL, 16),
(39, '6d2d4ad7affe9ff9.jpg', '6d2d4ad7affe9ff9_th_1.png', NULL, 16),
(40, 'ec67bec47a5d9939.jpg', 'ec67bec47a5d9939_th_1.png', NULL, 16),
(41, '03519bb7a7f2e383.jpg', '03519bb7a7f2e383_th_1.png', NULL, 16),
(42, 'ed15d47c797a8909.jpg', 'ed15d47c797a8909_th_1.png', NULL, 16),
(43, 'b5816950a23470fe.jpg', 'b5816950a23470fe_th_1.png', NULL, 9),
(44, '12d424c8ee5a69e4.jpg', '12d424c8ee5a69e4_th_1.png', NULL, 9),
(45, '457393148c88e3a2.jpg', '457393148c88e3a2_th_1.png', NULL, 9),
(46, '401ba9c906fadb34.jpg', '401ba9c906fadb34_th_1.png', NULL, 9),
(47, '5f60ca3ab3586b6f.jpg', '5f60ca3ab3586b6f_th_1.png', NULL, 9),
(48, '12c9f18a9c919995.jpg', '12c9f18a9c919995_th_1.png', NULL, 8),
(49, 'c3ab1469e9e664fa.jpg', 'c3ab1469e9e664fa_th_1.png', NULL, 8),
(50, '04c3f489e2d03345.jpg', '04c3f489e2d03345_th_1.png', NULL, 8),
(51, '76ec56a5ed670802.jpg', '76ec56a5ed670802_th_1.png', NULL, 8),
(52, '02a3547e9b1a7f80.jpg', '02a3547e9b1a7f80_th_1.png', NULL, 8),
(54, 'a87f0614c509c66c.jpg', 'a87f0614c509c66c_th_1.png', NULL, 17),
(55, '996950471405d127.jpg', '996950471405d127_th_1.png', NULL, 17),
(56, '2e85cc67cfc8a962.jpg', '2e85cc67cfc8a962_th_1.png', NULL, 17),
(57, 'd1247e094e54164a.jpg', 'd1247e094e54164a_th_1.png', NULL, 17),
(58, '7a0400400d5406da.JPG', '7a0400400d5406da_th_1.png', 'Prezydent Zielonej Góry Janusz Kubicki', 19),
(59, '0a9b7749a9437b63.jpg', '0a9b7749a9437b63_th_1.png', NULL, 19),
(60, '5c033ab6375258af.jpg', '5c033ab6375258af_th_1.png', NULL, 19),
(61, '8b2b8d50ff6ca7d5.jpg', '8b2b8d50ff6ca7d5_th_1.png', NULL, 19),
(62, '9a93a1a0d1e4ab02.jpg', '9a93a1a0d1e4ab02_th_1.png', NULL, 19),
(63, 'c206a2ac3090ea86.jpg', 'c206a2ac3090ea86_th_1.png', NULL, 19),
(64, '82e89e60a263bee7.jpg', '82e89e60a263bee7_th_1.png', NULL, 21),
(65, '514aca20eb9339f6.jpg', '514aca20eb9339f6_th_1.png', NULL, 21),
(66, '3455f1864ed62816.jpg', '3455f1864ed62816_th_1.png', NULL, 21),
(67, '9cc0c572a396f259.jpg', '9cc0c572a396f259_th_1.png', NULL, 21),
(68, 'ff14ce7c22eed549.JPG', 'ff14ce7c22eed549_th_1.png', NULL, 22),
(69, '40a2f39950cf8226.JPG', '40a2f39950cf8226_th_1.png', NULL, 22),
(70, 'f2dc6047a8f221fe.JPG', 'f2dc6047a8f221fe_th_1.png', NULL, 22),
(71, '1b69e3984c1d18b0.jpg', '1b69e3984c1d18b0_th_1.png', NULL, 23),
(72, '243c9426ef675143.jpg', '243c9426ef675143_th_1.png', NULL, 23),
(73, 'bc67806f44bbb205.JPG', 'bc67806f44bbb205_th_1.png', NULL, 24),
(74, 'de7e86f819cff067.JPG', 'de7e86f819cff067_th_1.png', NULL, 24),
(75, 'a20cea7fec307845.JPG', 'a20cea7fec307845_th_1.png', NULL, 24),
(76, '3ffbcf1d0a21944a.JPG', '3ffbcf1d0a21944a_th_1.png', NULL, 24),
(78, '5e7b3cc512cb7e57.jpg', '5e7b3cc512cb7e57_th_1.png', 'dr Anna Szyndler z Zakładu Nadciśnienia Tętniczego Gdańskiego Uniwersytetu Medycznego', 26),
(79, 'f37ec081273bc488.jpg', 'f37ec081273bc488_th_1.png', 'prof. Krzysztof Narkiewicz, kierownik Kliniki Nadciśnienia Tętniczego i Diabetologii Gdańskiego Uniwersytetu Medycznego', 26),
(80, '695bbbcef130e2e8.jpg', '695bbbcef130e2e8_th_1.png', 'dr Anna Szyndler z Zakładu Nadciśnienia Tętniczego Gdańskiego Uniwersytetu Medycznego', 25),
(81, '08cf6c20471cf83c.jpg', '08cf6c20471cf83c_th_1.png', 'prof. Krzysztof Narkiewicz, kierownik Kliniki Nadciśnienia Tętniczego i Diabetologii Gdańskiego Uniwersytetu Medycznego', 25),
(82, '3b05231e425733ca.jpg', '3b05231e425733ca_th_1.png', NULL, 28),
(83, '3a775e82c41cb99d.jpg', '3a775e82c41cb99d_th_1.png', NULL, 28),
(84, '3b290774bbe33a5a.jpg', '3b290774bbe33a5a_th_1.png', NULL, 28),
(85, 'afd5b2ef2ba17637.jpg', 'afd5b2ef2ba17637_th_1.png', NULL, 28),
(86, '2d82d44b1a74aed6.jpg', '2d82d44b1a74aed6_th_1.png', NULL, 28),
(87, 'a6dd9966c6491213.jpg', 'a6dd9966c6491213_th_1.png', NULL, 28),
(88, '00d466129a5126bd.jpg', '00d466129a5126bd_th_1.png', NULL, 28),
(89, '47179576fa2cf47f.jpg', '47179576fa2cf47f_th_1.png', NULL, 28),
(90, '577bb895e138189c.jpg', '577bb895e138189c_th_1.png', NULL, 28),
(91, 'cff7ff2ef1920d07.jpg', 'cff7ff2ef1920d07_th_1.png', NULL, 28),
(92, 'd78da9d4eb9ba218.jpg', 'd78da9d4eb9ba218_th_1.png', NULL, 28),
(93, '9f9a28d40ffbaa30.jpg', '9f9a28d40ffbaa30_th_1.png', NULL, 28),
(94, 'aff39aa184f8b6b8.jpg', 'aff39aa184f8b6b8_th_1.png', NULL, 28),
(95, '1e4e23e144100865.jpg', '1e4e23e144100865_th_1.png', NULL, 28),
(96, '8ea7cc4c1c46753d.jpg', '8ea7cc4c1c46753d_th_1.png', NULL, 29),
(97, 'f7ba3091ef5e1de5.JPG', 'f7ba3091ef5e1de5_th_1.png', NULL, 29),
(98, '5b4b96f44bca4e72.JPG', '5b4b96f44bca4e72_th_1.png', NULL, 29),
(100, 'bd464402192d2f34.JPG', 'bd464402192d2f34_th_1.png', NULL, 29),
(101, '365235eb9c7757dd.JPG', '365235eb9c7757dd_th_1.png', NULL, 29),
(102, 'd589cb75b5731fa7.JPG', 'd589cb75b5731fa7_th_1.png', NULL, 29),
(103, '5864e435275a7118.JPG', '5864e435275a7118_th_1.png', NULL, 29),
(104, 'f3128d1d97c6720a.JPG', 'f3128d1d97c6720a_th_1.png', NULL, 29),
(105, '26af196c827b5a3e.JPG', '26af196c827b5a3e_th_1.png', NULL, 29),
(106, '4047730fcbafaeac.jpg', '4047730fcbafaeac_th_1.png', NULL, 30),
(107, '9c9812120f9fcedb.jpg', '9c9812120f9fcedb_th_1.png', NULL, 30),
(108, '18fe59edd1560ee0.jpg', '18fe59edd1560ee0_th_1.png', NULL, 30),
(109, '75903f2b0d8904c2.jpg', '75903f2b0d8904c2_th_1.png', NULL, 30),
(110, '0cd0e9c2951fdd81.jpg', '0cd0e9c2951fdd81_th_1.png', NULL, 30),
(111, '98da52061d9c9fdf.jpg', '98da52061d9c9fdf_th_1.png', NULL, 30),
(112, '01fbe72620faa5f7.jpg', '01fbe72620faa5f7_th_1.png', NULL, 30),
(113, 'f7f0c7009c66cdca.jpg', 'f7f0c7009c66cdca_th_1.png', NULL, 30),
(114, '182b49ad4fd52b6b.jpg', '182b49ad4fd52b6b_th_1.png', NULL, 30),
(115, '656ce5997f91cc28.jpg', '656ce5997f91cc28_th_1.png', NULL, 30),
(116, '43115e3072caf976.jpg', '43115e3072caf976_th_1.png', NULL, 30),
(117, '8b23fcd7cd90d637.jpg', '8b23fcd7cd90d637_th_1.png', NULL, 30),
(118, 'ccfc4d8f57c3fddb.jpg', 'ccfc4d8f57c3fddb_th_1.png', NULL, 30),
(119, 'b735f629c0e031a7.jpg', 'b735f629c0e031a7_th_1.png', NULL, 30),
(121, 'e8070bc4ec07fd42.jpg', 'e8070bc4ec07fd42_th_1.png', NULL, 32),
(122, '5326fcde6dc74deb.jpg', '5326fcde6dc74deb_th_1.png', NULL, 32),
(123, '35c566dfc6efa63c.jpg', '35c566dfc6efa63c_th_1.png', NULL, 32),
(124, '1a174f90ae7f6df7.jpg', '1a174f90ae7f6df7_th_1.png', NULL, 32),
(125, 'c305d130034cf842.jpg', 'c305d130034cf842_th_1.png', NULL, 32),
(126, 'b842c625fedac3e8.jpg', 'b842c625fedac3e8_th_1.png', NULL, 32),
(127, 'fd9a37c597c85d4f.jpg', 'fd9a37c597c85d4f_th_1.png', NULL, 32),
(128, 'c014ec30583dacae.jpg', 'c014ec30583dacae_th_1.png', NULL, 32),
(129, '8b1eca92ab3a532c.jpg', '8b1eca92ab3a532c_th_1.png', NULL, 32),
(130, '354d46818f09082d.jpg', '354d46818f09082d_th_1.png', NULL, 32),
(131, '12d4da0673cb24cb.jpg', '12d4da0673cb24cb_th_1.png', NULL, 32),
(132, '4980fab16fa444d0.jpg', '4980fab16fa444d0_th_1.png', NULL, 32),
(133, '2f96e9028d61743a.jpg', '2f96e9028d61743a_th_1.png', NULL, 33),
(134, '67d89772f58b33e4.jpg', '67d89772f58b33e4_th_1.png', NULL, 33),
(135, '4aca0f6c9b1a8673.jpg', '4aca0f6c9b1a8673_th_1.png', NULL, 33),
(136, '6d2c42dc200b0101.jpg', '6d2c42dc200b0101_th_1.png', NULL, 33),
(137, '01306c7b7c7ba2aa.jpg', '01306c7b7c7ba2aa_th_1.png', NULL, 33),
(138, '9ae45d1cbaa0b76a.jpg', '9ae45d1cbaa0b76a_th_1.png', NULL, 34),
(139, 'ac65b3954c85f2b9.JPG', 'ac65b3954c85f2b9_th_1.png', NULL, 34),
(140, '6c6b7056e6483d78.jpg', '6c6b7056e6483d78_th_1.png', NULL, 35),
(141, '2da9ea401ace870a.jpg', '2da9ea401ace870a_th_1.png', NULL, 35),
(142, '87dc3d3ab90c673a.jpg', '87dc3d3ab90c673a_th_1.png', NULL, 35),
(143, '305e28cffc789b66.jpg', '305e28cffc789b66_th_1.png', NULL, 35),
(144, '85cf7e5911167f03.jpg', '85cf7e5911167f03_th_1.png', NULL, 35),
(145, '1bb749de2dbe391e.jpg', '1bb749de2dbe391e_th_1.png', NULL, 35),
(146, '33a3d5fe582c2182.jpg', '33a3d5fe582c2182_th_1.png', NULL, 35),
(147, 'bbbe0a86dbe183ce.jpg', 'bbbe0a86dbe183ce_th_1.png', NULL, 36),
(148, '612dbdbb3f535a25.jpg', '612dbdbb3f535a25_th_1.png', NULL, 36),
(149, '717ebc200192de59.jpg', '717ebc200192de59_th_1.png', NULL, 36),
(150, '5606938675b74df4.jpg', '5606938675b74df4_th_1.png', NULL, 36),
(151, 'cf3592d0152b621b.jpg', 'cf3592d0152b621b_th_1.png', NULL, 36),
(152, 'a785c6214b8fe785.jpg', 'a785c6214b8fe785_th_1.png', NULL, 36),
(153, 'f01790a27e143d39.jpg', 'f01790a27e143d39_th_1.png', NULL, 36),
(154, '4d7147327604e075.jpg', '4d7147327604e075_th_1.png', NULL, 37),
(155, '4ca7480bf62c0a0a.jpg', '4ca7480bf62c0a0a_th_1.png', NULL, 37),
(156, 'e0315fa416440bf6.jpg', 'e0315fa416440bf6_th_1.png', NULL, 37),
(157, '13955e50befe62b2.jpg', '13955e50befe62b2_th_1.png', NULL, 38),
(158, '0b110a517c4a95e9.jpg', '0b110a517c4a95e9_th_1.png', NULL, 38),
(159, 'f262f1ba7673fda5.jpg', 'f262f1ba7673fda5_th_1.png', NULL, 38),
(160, '9d56d607b0e37ef7.JPG', '9d56d607b0e37ef7_th_1.png', NULL, 39),
(161, '628eab830ed0aeb2.JPG', '628eab830ed0aeb2_th_1.png', NULL, 39),
(162, '01e9654c35149367.JPG', '01e9654c35149367_th_1.png', NULL, 39),
(163, '6b78fee3786e31b3.JPG', '6b78fee3786e31b3_th_1.png', NULL, 39),
(164, '0bc2956ff3415a38.JPG', '0bc2956ff3415a38_th_1.png', NULL, 39),
(165, '698581bab7b35159.JPG', '698581bab7b35159_th_1.png', NULL, 39),
(166, '10e12a9d5eda64ec.JPG', '10e12a9d5eda64ec_th_1.png', NULL, 39),
(167, 'f287632de66cf37a.JPG', 'f287632de66cf37a_th_1.png', NULL, 39),
(168, 'd763d108276adbfb.JPG', 'd763d108276adbfb_th_1.png', NULL, 39),
(169, 'e1b15fba0a56aee0.JPG', 'e1b15fba0a56aee0_th_1.png', NULL, 39),
(170, '819cc8e9973c7e26.jpg', '819cc8e9973c7e26_th_1.png', NULL, 39),
(171, '3368b0422c08ab88.jpg', '3368b0422c08ab88_th_1.png', NULL, 39),
(172, '57f57585a912a76e.jpg', '57f57585a912a76e_th_1.png', NULL, 40),
(173, '79226f969c4280fa.jpg', '79226f969c4280fa_th_1.png', NULL, 40),
(174, '71b93ac9df99490e.JPG', '71b93ac9df99490e_th_1.png', NULL, 40),
(175, '635cf98bd3eabf32.JPG', '635cf98bd3eabf32_th_1.png', NULL, 40),
(176, 'becc36d63e5d6ef2.jpg', 'becc36d63e5d6ef2_th_1.png', NULL, 41),
(177, '5352d890f1595245.jpg', '5352d890f1595245_th_1.png', NULL, 41),
(178, '73efde8ad3d5edee.jpg', '73efde8ad3d5edee_th_1.png', NULL, 41),
(179, '36c1f8af3bb50ee4.jpg', '36c1f8af3bb50ee4_th_1.png', NULL, 41),
(180, 'f95cb93535ad1d67.jpg', 'f95cb93535ad1d67_th_1.png', NULL, 41),
(181, 'b2928debe7f1ac2e.jpg', 'b2928debe7f1ac2e_th_1.png', NULL, 41),
(182, '1e3ea91f44c7aa30.jpg', '1e3ea91f44c7aa30_th_1.png', NULL, 41),
(183, '594849ee55a15f98.JPG', '594849ee55a15f98_th_1.png', NULL, 42),
(184, '6f4e4e61a6987ba1.jpg', '6f4e4e61a6987ba1_th_1.png', NULL, 42),
(185, '95b14f10b691fac6.JPG', '95b14f10b691fac6_th_1.png', NULL, 42),
(186, '648186b71b9a3e29.JPG', '648186b71b9a3e29_th_1.png', NULL, 42),
(187, '65398da4d8e28a35.JPG', '65398da4d8e28a35_th_1.png', NULL, 42),
(188, 'c55463dcf88d013b.jpg', 'c55463dcf88d013b_th_1.png', NULL, 43),
(189, 'bf4a99490f5e0e92.jpg', 'bf4a99490f5e0e92_th_1.png', NULL, 43),
(190, '148bb185576680d5.jpg', '148bb185576680d5_th_1.png', NULL, 43),
(191, 'c35f743121e8d5cb.JPG', 'c35f743121e8d5cb_th_1.png', NULL, 44),
(192, 'c1fd0a9c437e6dbd.JPG', 'c1fd0a9c437e6dbd_th_1.png', NULL, 44),
(193, 'a3c2040fdbc459ee.JPG', 'a3c2040fdbc459ee_th_1.png', NULL, 44),
(194, 'b3b3f7e73935973e.JPG', 'b3b3f7e73935973e_th_1.png', NULL, 44),
(195, '830fe1d15cc332a5.JPG', '830fe1d15cc332a5_th_1.png', NULL, 44),
(196, '3112be5d0376e35c.JPG', '3112be5d0376e35c_th_1.png', NULL, 44),
(197, '61825aa9f4366b09.JPG', '61825aa9f4366b09_th_1.png', NULL, 44),
(198, 'f6ddecf30ab3bebf.JPG', 'f6ddecf30ab3bebf_th_1.png', NULL, 44),
(199, '793393b31fc6afcd.JPG', '793393b31fc6afcd_th_1.png', NULL, 44),
(200, 'e799281d081edd48.JPG', 'e799281d081edd48_th_1.png', NULL, 44),
(201, '9d5df7429dec485b.JPG', '9d5df7429dec485b_th_1.png', NULL, 44),
(202, 'b91c8985600f5719.JPG', 'b91c8985600f5719_th_1.png', NULL, 44),
(203, '74aff145908f1631.jpg', '74aff145908f1631_th_1.png', NULL, 45),
(204, '66c35638d8281630.jpg', '66c35638d8281630_th_1.png', NULL, 45),
(205, 'f9b6a5b04e61b530.jpg', 'f9b6a5b04e61b530_th_1.png', NULL, 45),
(206, '05ace32ff3c5fe42.jpg', '05ace32ff3c5fe42_th_1.png', NULL, 45),
(207, '0aed788c2ab8c8a9.jpg', '0aed788c2ab8c8a9_th_1.png', NULL, 45),
(210, '08d1d116109a8603.jpg', '08d1d116109a8603_th_1.png', 'dr Monika Łukasiewicz, seksuolog, ginekolog-położnik, Przychodnia Lekarska "nOvum", oddział ginekologiczno-położniczy Szpitala Bielańskiego', 46),
(211, '69f5c4d47fa168a4.jpg', '69f5c4d47fa168a4_th_1.png', 'prof. dr hab. Artur Mamcarz, kierownik III Kliniki Chorób Wewnętrznych i Kardiologii WUM, Szpital SOLEC', 46);

-- --------------------------------------------------------

--
-- Struktura tabeli dla tabeli `news`
--

DROP TABLE IF EXISTS `news`;
CREATE TABLE IF NOT EXISTS `news` (
  `id` int(11) NOT NULL AUTO_INCREMENT,
  `date_from` date NOT NULL,
  `file` longtext COLLATE utf8_unicode_ci NOT NULL,
  `fileThumb1` longtext COLLATE utf8_unicode_ci NOT NULL,
  `fileThumb2` longtext COLLATE utf8_unicode_ci NOT NULL,
  `title` longtext COLLATE utf8_unicode_ci NOT NULL,
  `sneak_peak` longtext COLLATE utf8_unicode_ci NOT NULL,
  `body` longtext COLLATE utf8_unicode_ci NOT NULL,
  `hidden` tinyint(1) NOT NULL,
  `slug` varchar(128) COLLATE utf8_unicode_ci NOT NULL,
  PRIMARY KEY (`id`),
  KEY `search_idx` (`slug`)
) ENGINE=InnoDB  DEFAULT CHARSET=utf8 COLLATE=utf8_unicode_ci AUTO_INCREMENT=47 ;

--
-- Zrzut danych tabeli `news`
--

INSERT INTO `news` (`id`, `date_from`, `file`, `fileThumb1`, `fileThumb2`, `title`, `sneak_peak`, `body`, `hidden`, `slug`) VALUES
(8, '2015-06-01', '', '67aa66e26f38bd05_th_1.png', '67aa66e26f38bd05_th_2.png', 'Cykl bezpłatnych badań profilaktycznych w całej Polsce  – rusza kolejna edycja kampanii „Ciśnienie na Życie”', 'Ponad 320 000 bezpłatnych pomiarów ciśnienia krwi – to wynik dwóch lat kampanii „Ciśnienie na życie”.', '<p><strong>Już 18 maja ruszy III edycja programu, kt&oacute;rego gł&oacute;wnym celem jest edukacja Polak&oacute;w na&nbsp;temat profilaktyki chor&oacute;b układu sercowo-naczyniowego oraz zachęcenie ich do regularnej kontroli ciśnienia tętniczego krwi. W ramach działań przewidzianych na ten rok, mieszkańcy 50&nbsp;polskich miast zostaną objęci bezpłatnymi badaniami profilaktycznymi. Tym razem poza pomiarem ciśnienia tętniczego krwi oraz określeniem wieku serca, pacjenci będą mieli okazję sprawdzić poziom cholesterolu we krwi.</strong></p>\r\n<p>&nbsp;</p>\r\n<p>W trakcie dw&oacute;ch poprzednich edycji kampanii, mobilne centrum badań &bdquo;Ciśnienie na Życie&rdquo; dotarło do 100 polskich miast, a jego zesp&oacute;ł przeprowadził blisko 330 tys. pomiar&oacute;w ciśnienia tętniczego krwi i&nbsp;130 tys. badań wieku serca. Na bazie zgromadzonych wynik&oacute;w powstaje raport &bdquo;Wiek serca Polak&oacute;w&rdquo;. Jak wynika ze wstępnych ustaleń, <strong>wiek serca wielu Polak&oacute;w jest znacznie wyższy niż ich wiek metrykalny</strong>. Mimo że dysproporcja między wiekiem serca a metryką os&oacute;b badanych wiąże się ze&nbsp;zmiennymi takimi jak płeć, waga czy występowanie chor&oacute;b przewlekłych np. cukrzycy, na&nbsp;podstawie raportu można już przyjąć, że wiek serca badanego Polaka jest wyższy średnio o 6 lat. Zgodnie z wirtualnym badaniem <em>Heart Age Calculator</em> <strong>Polska znajduje się w niechlubnej czoł&oacute;wce kraj&oacute;w, z największą liczbą os&oacute;b, kt&oacute;rych wiek serca jest wyższy od metrykalnego.</strong></p>\r\n<p>&nbsp;</p>\r\n<p>Schorzenia serca i naczyń krwionośnych to wciąż gł&oacute;wna przyczyna zgon&oacute;w w nowoczesnym społeczeństwie. Na nadciśnienie tętnicze choruje w naszym kraju 10,5 mln os&oacute;b. Wśr&oacute;d nich 3,1 mln nie wie, że ma nadciśnienie, a jedynie 2,7 mln jest skutecznie leczonych<a href="#_ftn1" name="_ftnref1">[1]</a>. Z danych Polskiego Towarzystwa Kardiologicznego wynika, że z powodu chor&oacute;b układu sercowo-naczyniowego każdego dnia umiera w naszym kraju prawie 500 os&oacute;b. Eksperci i organizatorzy kampanii &bdquo;Ciśnienie na Życie&rdquo; twierdzą zgodnie, że drogą do zmiany tej niepokojącej tendencji jest uświadomienie Polakom, jakie ryzyko niesie za sobą brak profilaktyki w zakresie chor&oacute;b serca i zachęcenie do regularnej kontroli stanu zdrowia, m.in. poprzez pomiary ciśnienia krwi.</p>\r\n<p>&nbsp;</p>\r\n<p>&bdquo;Postawmy sprawę jasno i dokonajmy jednoznacznych wybor&oacute;w. Nikt nie powinien mieć wątpliwości, że&nbsp;znacznie łatwiej, skuteczniej i bezpieczniej jest zapobiegać chorobie niż ją leczyć, zwłaszcza, jeżeli się rozwinie i może uczynić nas inwalidami skazanymi na pomoc os&oacute;b drugich. Uczciwość lekarza i&nbsp;umiłowanie zawodu, każe mi o tym Państwu uprzejmie przypominać i przed niefrasobliwością przestrzegać i chronić, bowiem tętniak aorty, udar m&oacute;zgu, czy zawał serca wskutek nieleczonego nadciśnienia tętniczego stawia nas i&nbsp;naszych bliskich przed bardzo wysoką życiową ścianą. Zapamiętaj, że &bdquo;Ciśnienie na Życie&rdquo; jest podarunkiem od nas dla Ciebie&rdquo; &ndash; komentuje prof. Marian Zembala, dyrektor Śląskiego Centrum Chor&oacute;b Serca w Zabrzu, opiekun merytoryczny kampanii &bdquo;Ciśnienie na Życie&rdquo;.</p>\r\n<p>&nbsp;</p>\r\n<p>Systematyczne badania profilaktyczne oraz zdrowy, aktywny tryb życia, to najskuteczniejsze formy walki ze schorzeniami układu krążenia. Chcąc upowszechnić i utrwalić ten trend wśr&oacute;d populacji, kampania &bdquo;Ciśnienie na Życie&rdquo; ponownie rusza w trasę po kraju. W nadchodzących miesiącach mobilne centrum badań &bdquo;Ciśnienie na Życie&rdquo; odwiedzi 50 miast w całej Polsce. Mieszkańcy miast, w&nbsp;kt&oacute;rych pojawi się specjalistyczny bus kampanii, będą mogli nie tylko zmierzyć ciśnienie krwi, ale&nbsp;także oznaczyć poziom cholesterolu. Dodatkowo z pomocą specjalnie przygotowanej aplikacji &bdquo;Wiek Serca&rdquo; i dzięki szczeg&oacute;łowemu wywiadowi, personel medyczny określi, ile lat ma serce badanej osoby. Przeprowadzone analizy pozwolą sprawdzić, czy u badanych istnieje zwiększone ryzyko wystąpienia schorzeń układu sercowo-naczyniowego. Aby pacjenci mogli lepiej zrozumieć wyniki przeprowadzonych badań, specjaliści medyczni obecni w Centrach Obniżania Wieku Serca udzielą porad i odpowiedzą na wszelkie pytania z zakresu chor&oacute;b układu sercowego.</p>\r\n<p>&nbsp;</p>\r\n<p>&nbsp;&bdquo;<em>Istotnym czynnikiem warunkującym skuteczną prewencję i dobrą kontrolę nadciśnienia tętniczego w&nbsp;populacji pozostaje wiedza na temat zagrożeń związanych z chorobą, a podstawowym elementem jest znajomość własnego ciśnienia tętniczego. Wczesne rozpoznanie podwyższonej wartości ciśnienia tętniczego umożliwia modyfikację stylu życia, kt&oacute;ra może op&oacute;źnić lub zapobiec wystąpieniu nadciśnienia oraz pozwolić na op&oacute;źnienie lub nawet uniknięcie farmakoterapii</em>&rdquo; &ndash; m&oacute;wi prof. Tomasz Zdrojewski z katedry Nadciśnienia Tętniczego i Diabetologii Gdańskiego Uniwersytetu Medycznego, członek Rady Ekspert&oacute;w kampanii &bdquo;Ciśnienie na Życie&rdquo;.</p>\r\n<p>&nbsp;</p>\r\n<hr />\r\n<p>&nbsp;</p>\r\n<p style="font-size: 11px;"><a href="#_ftnref1" name="_ftn1">[1]</a> Zdrojewski T.: <em>Rozpowszechnienie i&nbsp;kontrola nadciśnienia tętniczego w&nbsp;Polsce &ndash; por&oacute;wnanie z&nbsp;wybranymi krajami w&nbsp;Europie i&nbsp;na świecie; </em>W: Więcek A., Januszewicz A., Szczepańska-Sadowska E., Prejbisz&nbsp; A., red.: <em>Hipertensjologia: patogeneza, diagnostyka i&nbsp;leczenie nadciśnienia tętniczego;</em> Medycyna Praktyczna; 2011; ISBN: 978-83-7430-303-3</p>', 0, 'rusza-kolejna-edycja-kampanii-cisnienie-na-zycie'),
(9, '2015-06-01', 'bd3829b6fa608f24.jpg', 'bd3829b6fa608f24_th_1.png', 'bd3829b6fa608f24_th_2.png', '„Ciśnienie na Życie” na Zabrzańskim Tygodniu Zdrowego Serca', '28 kwietnia w Śląskim Centrum Chorób Serca, na specjalnym stoisku kampanii „Ciśnienie na Życie”, można było bezpłatnie zmierzyć ciśnienie tętnicze krwi oraz zbadać wiek serca.', '<p><strong>Wykwalifikowany personel medyczny, przeprowadził badania i&nbsp;udzielił porad z&nbsp;zakresu chor&oacute;b układu krążenia. Akcja odbyła się w&nbsp;ramach Tygodnia Zdrowego Serca, organizowanego przez Śląskie Centrum Chor&oacute;b Serca oraz Urząd Miasta Zabrze.</strong></p>\r\n<p>&nbsp;</p>\r\n<p>Organizatorzy kampanii &bdquo;Ciśnienie na Życie&rdquo; już trzeci rok z rzędu prowadzą działania mające na celu uświadomienie Polakom, jakie ryzyko niesie za sobą brak odpowiedniej profilaktyki schorzeń układu krążenia. Na akcjach bezpłatnych badań można nie&nbsp;tylko zmierzyć bezpłatnie ciśnienie tętnicze krwi, ale dodatkowo przy pomocy innowacyjnej aplikacji<a href="#_ftn1" name="_ftnref1">[1]</a>, poddać się badaniu wieku serca. Pozwala ono&nbsp;stwierdzić, czy u pacjenta istnieje zwiększone ryzyko zachorowania na&nbsp;zawał serca lub udar m&oacute;zgu. Występuje ono wtedy, gdy obliczony wiek serca jest wyższy od wieku metrykalnego. Dobra wiadomość &ndash; wiek serca można obniżyć! Może to&nbsp;uczynić każdy, kto zmieni styl życia na&nbsp;bardziej zdrowy oraz w&nbsp;razie potrzeby będzie skutecznie leczył nadciśnienie tętnicze, cukrzycę czy&nbsp;hipercholesterolemię. Obniżeniu wieku serca sprzyja pozbycie się otyłości poprzez stosowanie zdrowej diety i zwiększenie aktywności fizycznej oraz rzucenie palenia.<strong> <br /></strong></p>\r\n<hr />\r\n<p>&nbsp;</p>\r\n<p style="font-size: 11px;"><a href="#_ftnref1" name="_ftn1">[1]</a> Aplikacja powstała w oparciu o wyniki <em>Impact of atrial fibrillation on the risk of death: The Framingham Heart Study</em> i&nbsp;publikację R. D&rsquo;Agostino i wsp. <em>Circulation</em> oraz prace badawcze zespołu prof. T. Zdrojewskiego z Gdańskiego Uniwersytetu Medycznego. W badaniu wyliczono wiek serca dla os&oacute;b w wieku od 20 do 74 lat, kt&oacute;re dotąd nie przebyły ani zawału serca, ani udaru m&oacute;zgu. Dlatego miarodajne wyniki uzyskamy w tej grupie wiekowej.</p>', 0, 'cisnienie-na-zycie-na-zabrzanskim-tygodniu-zdrowego-serca'),
(10, '2015-06-10', '', '60f4aa0264df4384_th_1.png', '60f4aa0264df4384_th_2.png', 'Adam Małysz zbadał wiek serca w akcji „Ciśnienie na Życie”!', 'Do skorzystania z darmowych badań profilaktycznych kierowców zapraszał Adam Małysz.', '<p><strong>2 czerwca w mobilnym centrum badań kampanii &bdquo;Ciśnienie na Życie&rdquo;, Adam Małysz zbadał wiek swojego serca. Inicjatywa zorganizowana wsp&oacute;lnie z Inspekcją Transportu Drogowego, miała na celu uświadomienie kierowcom zawodowym, jak ważna jest profilaktyka chor&oacute;b serca. Podczas akcji odbył się briefing dla medi&oacute;w, w kt&oacute;rym uczestniczyły wszystkie najważniejsze stacje telewizyjne, w tym TVP, TVN, Polsat, Polsat News, TVP Warszawa, Dzień Dobry TVN oraz stacje radiowe: Radio Eska i Polskie Radio.</strong></p>\r\n<p>&nbsp;</p>\r\n<p>Inspekcja Transportu Drogowego kontroluje stan techniczny pojazd&oacute;w, trzeźwość oraz czas pracy zawodowych kierowc&oacute;w. Przy tej okazji, już trzeci rok z rzędu, wraz z ITD organizatorzy og&oacute;lnopolskiej kampanii społecznej &bdquo;Ciśnienie na Życie&rdquo; umożliwili zawodowym kierowcom bezpłatne badania profilaktyczne. Przy drodze krajowej nr 7 niedaleko Magdalenki, stanęło mobilne centrum badań, w kt&oacute;rym kontrolowani przez ITD kierowcy ciężar&oacute;wek mieli możliwość bezpłatnie i dobrowolnie sprawdzić wysokość ciśnienia tętniczego krwi oraz dzięki specjalnej aplikacji&nbsp; poznać wiek swoich serc. Chętni kierowcy mogli r&oacute;wnież poddać się badaniu EKG oraz oddać krew do analizy laboratoryjnej.</p>\r\n<p>&nbsp;</p>\r\n<p>Do skorzystania z darmowych badań profilaktycznych kierowc&oacute;w zapraszał Adam Małysz - aktualny kierowca rajdowy z cross country, kt&oacute;ry aktywnie startuje nie tylko w &bdquo;Dakarze&rdquo;, ale też rywalizuje w terenowym Pucharze Świata.</p>\r\n<p>&nbsp;</p>', 0, 'adam-malysz-zbadal-wiek-serca-w-akcji-cisnienie-na-zycie'),
(11, '2015-06-17', '', '4ad3db6dc55c6cbf_th_1.png', '4ad3db6dc55c6cbf_th_2.png', 'W maju, 2 846 mieszkańców Polski skorzystało z bezpłatnych badań profilaktycznych!', 'Ponad 2 800 chętnych miało okazję sprawdzić ciśnienie tętnicze, poziom cholesterolu we krwi oraz określić wiek swojego serca.', '<p><strong>Pierwszy miesiąc kampanii &bdquo;Ciśnienie na Życie&rdquo; już za nami. Od początku maja, mobilne centrum badań, wsp&oacute;lnie z wykwalifikowanym personelem medycznym, odwiedziło 8 miast. Ponad 2 800 chętnych miało okazję sprawdzić ciśnienie tętnicze, poziom cholesterolu we krwi oraz określić wiek swojego serca.</strong></p>\r\n<p>&nbsp;</p>\r\n<p>Organizatorzy kampanii &bdquo;Ciśnienie na Życie&rdquo; już trzeci rok z rzędu prowadzą działania mające na celu uświadomienie Polakom, jakie ryzyko niesie za sobą brak odpowiedniej profilaktyki schorzeń układu krążenia. Na akcjach bezpłatnych badań można nie tylko zmierzyć ciśnienie tętnicze krwi, ale także, za pomocą innowacyjnej aplikacji<em><sup>1</sup></em> , poddać się badaniu wieku serca. Pozwala ono stwierdzić, czy u pacjenta istnieje zwiększone ryzyko zachorowania na zawał serca lub udar m&oacute;zgu. Występuje ono wtedy, gdy obliczony wiek serca jest wyższy od wieku metrykalnego. Wyniki pomiar&oacute;w, przeprowadzonych w ciągu pierwszego miesiąca akcji &bdquo;Ciśnienie na Życie&rdquo;, nie prezentują się korzystnie. Wiek serca, aż 76% przebadanych os&oacute;b jest wyższy od ich wieku metrykalnego średnio o 12 lat!</p>\r\n<p>&nbsp;</p>\r\n<p>Na szczęście wiek serca można obniżyć! Zmiana stylu życia na bardziej zdrowy istotnie obniża wartości ciśnienia tętniczego u os&oacute;b z podwyższonym ciśnieniem, może r&oacute;wnież zapobiegać rozwojowi nadciśnienia u os&oacute;b, kt&oacute;re mają do niego genetycznie uwarunkowane skłonności. Normalizacja masy ciała, nienadużywanie alkoholu i soli, ograniczenie spożycia tłuszcz&oacute;w nasyconych, zaprzestanie palenia tytoniu i zwiększenie aktywności fizycznej, to skuteczna droga do obniżenia wieku serca.</p>\r\n<p>&nbsp;</p>\r\n<p>Osoby, u kt&oacute;rych występują czynniki ryzyka, powinny regularnie konsultować sw&oacute;j stan zdrowia z lekarzem. Dlatego też na terenie całej Polski na bieżąco powstają Centra Obniżania Wieku Serca, w kt&oacute;rych będzie można uzyskać porady na temat poprawy stylu życia oraz otrzymać materiały informacyjne przygotowane przez ekspert&oacute;w kampanii &bdquo;Ciśnienie na Życie&rdquo;.</p>\r\n<p>&nbsp;</p>\r\n<p>W maju, mobilne centrum badań kampanii &bdquo;Ciśnienie na Życie&rdquo; odwiedziło:</p>\r\n<p>&nbsp;</p>\r\n<p>-Białystok</p>\r\n<p>-Białą-Podlaskę</p>\r\n<p>-Garwolin</p>\r\n<p>-Otwock</p>\r\n<p>-Lublin</p>\r\n<p>-Zabrze</p>\r\n<p>-Częstochowę</p>\r\n<p>-Olsztyn</p>\r\n<p>&nbsp;</p>\r\n<p><strong>Zapraszamy na badania do kolejnych miast z trasy mobilnego centrum badań!</strong></p>\r\n<hr />\r\n<p>&nbsp;</p>\r\n<p style="font-size: 11px;"><em><sup>1</sup>&nbsp; Aplikacja powstała w oparciu o wyniki Impact of atrial fibrillation on the risk of death: The Framingham Heart Study i publikację R. D&rsquo;Agostino i wsp. Circulation oraz prace badawcze zespołu prof. T. Zdrojewskiego z Gdańskiego Uniwersytetu Medycznego. W badaniu wyliczono wiek serca dla os&oacute;b w wieku od 20 do 74 lat, kt&oacute;re dotąd nie przebyły ani zawału serca, ani udaru m&oacute;zgu. Dlatego miarodajne wyniki uzyskamy w tej grupie wiekowej.</em></p>', 0, 'w-maju-2 846-mieszkancow-polski-skorzystalo-z-bezplatnych-badan-profilaktycznych'),
(12, '2015-06-24', '233343c7de872773.jpg', '233343c7de872773_th_1.png', '233343c7de872773_th_2.png', 'Dzień Świadomości Niewydolności Serca', 'Podczas akcji przebadaliśmy blisko 80 uczestników, okazuje się, że wiek serca tych osób jest średnio o 13 lat wyższy od wieku metrykalnego.', '<p>13 czerwca podczas Dnia Świadomości Niewydolności Serca w Krakowie w specjalnie przystosowanym mobilnym busie kampanii &bdquo;Ciśnienie na Życie&rdquo; można było bezpłatnie zmierzyć ciśnienie tętnicze krwi, zbadać cholesterol oraz zbadać wiek serca. Podczas akcji przebadaliśmy blisko 80 uczestnik&oacute;w, okazuje się, że wiek serca tych os&oacute;b jest średnio o 13 lat wyższy od wieku metrykalnego. </p>\r\n<p>&nbsp;</p>\r\n<p>Na wszystkich chętnych w godzinach 11:00-16:00 czekał wykwalifikowany personel medyczny, kt&oacute;ry przeprowadził badania i udzielał porad z zakresu chor&oacute;b układu krążenia. Gł&oacute;wny celem Dnia Świadomości Niewydolności Serca jest prewencja, wczesna diagnostyka i skuteczne leczenie niewydolności serca, jako światowy priorytet w dziedzinie ochrony zdrowia. </p>', 0, 'dzien- swiadomosci-niewydolnosci-serca'),
(13, '2015-06-24', 'dd5441cdf05b4ece.jpg', 'dd5441cdf05b4ece_th_1.png', 'dd5441cdf05b4ece_th_2.png', 'Zbadaliśmy seniorów podczas XI Warszawskiej Seniorady', 'Okazuje się, że wiek serca przebadanych osób jest średnio wyższy o 10 lat od wieku metrykalnego.', '<p>14 czerwca podczas Serniorady Warszawskiej 2015 na specjalnym stoisku kampanii &bdquo;Ciśnienie na Życie&rdquo; można było bezpłatnie zmierzyć ciśnienie tętnicze krwi oraz zbadać wiek serca. 154 uczestnik&oacute;w wydarzenia poznało wiek swojego serca. Okazuje się, że wiek serca przebadanych os&oacute;b jest średnio wyższy o 10 lat od wieku metrykalnego. Organizatorami pikniku są Europejskie Stowarzyszenie Promocji Aktywności Ruchowej 50+ oraz studenci AWF Warszawa ze specjalizacji kinezygerontoprofilaktyka. </p>', 0, 'zbadalismy-seniorow-podczas-xi-warszawskiej-seniorady'),
(14, '2015-06-25', '', 'c53ba6fcc8a2626f_th_1.png', 'c53ba6fcc8a2626f_th_2.png', 'Kampania „Ciśnienie na Życie” odwiedziła doroczny piknik rodzinny w Zaczerniu', '171 mieszkańców Zaczernia poznało wiek swojego serca.', '<p>14 czerwca podczas pikniku z okazji dnia dziecka w Zaczerniu na specjalnym stoisku kampanii &bdquo;Ciśnienie na Życie&rdquo; można było bezpłatnie zmierzyć ciśnienie tętnicze krwi oraz zbadać wiek serca. 171 mieszkańc&oacute;w Zaczernia poznało wiek swojego serca dzięki badaniom kampanii &bdquo;Ciśnienie na Życie&rdquo;, okazuje się, że wiek serca 68% przebadanych os&oacute;b jest średnio wyższy o 11 lat od wieku metrykalnego.</p>', 0, 'kampania-cisnienie-na-zycie-odwiedzila-doroczny-piknik-rodzinny-w-zaczerniu'),
(15, '2015-06-26', '', '1bbdc86959e88932_th_1.png', '1bbdc86959e88932_th_2.png', 'Pacjenci nie stosują się do zaleceń lekarzy', 'Eksperci omówili tematy nie przestrzegania zaleceń terapeutycznych przez pacjentów z punktu lekarzy i socjologów.', '<p>23 czerwca odbyło się II spotkanie z cyklu Warsztaty Sercowe organizowane w ramach og&oacute;lnopolskiej kampanii społecznej Ciśnienie na Życie. Eksperci om&oacute;wili tematy nie przestrzegania zaleceń terapeutycznych przez pacjent&oacute;w z punktu lekarzy i socjolog&oacute;w. Gośćmi byli prof. Krzysztof Narkiewicz, kierownik Kliniki Nadciśnienia Tętniczego i Diabetologii Gdańskiego Uniwersytetu Medycznego oraz dr Krzysztof Puchalski, socjolog zdrowia z Instytutu Medycyny Pracy im. prof. J. Nofera w Łodzi. Wśr&oacute;d Polak&oacute;w chorych przewlekle jedynie 65% deklaruje, że zawsze przyjmuje wszystkie zalecone przez lekarzy dawki lek&oacute;w.</p>\r\n<p><iframe src="https://www.youtube.com/embed/iZ7aaaZmuqc?list=PLmU-c9uCCNpz4FQVqZq2_UGJ2hw6BqEzh" width="575" height="315" frameborder="0" allowfullscreen="allowfullscreen"></iframe></p>\r\n<p><iframe src="https://www.youtube.com/embed/M4vZVWzYNM0" width="575" height="315" frameborder="0" allowfullscreen="allowfullscreen"></iframe> <iframe src="https://www.youtube.com/embed/Waijl_mmZ8Y" width="575" height="315" frameborder="0" allowfullscreen="allowfullscreen"></iframe></p>', 0, 'pacjenci-nie-stosuja-sie-do-zalecen-lekarzy'),
(16, '2015-06-27', '', '58417ed62a44c498_th_1.png', '58417ed62a44c498_th_2.png', '„Ciśnienie na Życie” w Nowej Dębie podczas plenerowej imprezy „Militariada”', 'Przebadaliśmy aż 636 osób!', '<p>20 i 21 czerwca uczestnicy, poza dobrą rozrywką zapewnioną przez organizator&oacute;w, mieli też okazję zadbać o swoje zdrowie. Wiek serca u 66% przebadanych os&oacute;b jest średnio o 11 lat wyższy od wieku metrykalnego. W jednym z namiot&oacute;w obecnych na tegorocznym festiwalu odbywającym się nieopodal Zakład&oacute;w Farmaceutycznych Polpharma w Nowej Dębie pojawiło się specjalne stoisko kampanii &bdquo;Ciśnienie na Życie&rdquo;. Przebadaliśmy aż 636 os&oacute;b!</p>', 0, 'cisnienie-na-zycie- w-nowej-dębie-podczas-plenerowej-imprezy-militariada'),
(17, '2015-07-03', '', 'edcf78c4e847bfe9_th_1.png', 'edcf78c4e847bfe9_th_2.png', 'Kampania „Ciśnienie na Życie” wspiera osoby po przeszczepie', '2 kobiety, 4 kijki, 1 cel – promocja transplantologii.', '<p>Akcja Transplant OK! Nordic Walking on Bornholm 2015 wystartuje już 16 sierpnia. Uczestniczki planują pokonać 120-kilometrową trasę w tydzień, chodząc z kijkami (nordic walking). Chcą promować transplantację, a tym samym, przyczynić się do zwiększenia szans ludzi na nią czekających. Jednocześnie jest to okazja do zaprezentowania, że taki rodzaj aktywności fizycznej, może stać się podstawą rehabilitacji dla os&oacute;b, kt&oacute;re są już po przeszczepie. A co to znaczy życie po przeszczepie i jak dużo zaangażowania oraz wytrwałości potrzeba by powr&oacute;cić do całkowitej sprawności, wiedzą najlepiej Adriana Szklarz i jej koleżanka Izabela Łukowiak. Adriana już prawie od 6 lat żyje dzięki nowemu sercu, Izabela dostała nową nerkę. To właśnie w ich głowach zrodził się pomysł, by obejść Bornholm, dziękując w ten spos&oacute;b wszystkim zaangażowanym w transplantologię, za danie im szansy na dalsze życie.</p>\r\n<p>&nbsp;</p>\r\n<p><em>&bdquo;Dzięki transplantacji możemy żyć i normalnie funkcjonować w społeczeństwie, i jeszcze komuś się przysłużyć propagując transplantację. Powiedzenie TAK transplantacji, to uratowanie komuś życia</em>&rdquo; &ndash; m&oacute;wią uczestniczki akcji.</p>\r\n<p>&nbsp;</p>\r\n<p>Kampania &bdquo;Ciśnienie na Życie&rdquo; m&oacute;wi TAK oraz życzy uczestnikom akcji Transplant OK! Nordic Walking on Bornholm 2015 powodzenia w pokonywaniu kilometr&oacute;w!</p>\r\n<p>&nbsp;</p>\r\n<p>Więcej informacji o akcji Transplant OK! znajduje się na stronie: <br /><a href="https://www.facebook.com/nadzwyczajne">www.facebook.com/nadzwyczajne</a></p>\r\n<p>&nbsp;</p>\r\n<p>&nbsp;</p>\r\n<p><iframe src="https://www.youtube.com/embed/DlZ0Nfm9RG8" width="560" height="315" frameborder="0" allowfullscreen="allowfullscreen"></iframe></p>', 0, 'kampania-cisnienie-na-zycie-wspiera-osoby-po-przeszczepie'),
(18, '2015-07-23', 'cadb24bcc2387585.jpg', 'cadb24bcc2387585_th_1.png', 'cadb24bcc2387585_th_2.png', 'Groźne upały', 'Lato to czas, kiedy warto częściej przeprowadzać kontrolne pomiary ciśnienia.', '<p>Słoneczne i gorące dni, zachęcają zar&oacute;wno dzieci, jak i dorosłych do spędzania czasu poza domem. Należy jednak pamiętać, że upalna, letnia aura często może stanowić zagrożenie dla zdrowia. Gdy temperatura powietrza przekracza 25<sup>o</sup>C, organizm poświęca wiele energii na utrzymaniu prawidłowej temperatury ciała i ochronę przed przegrzaniem. W tym czasie, osoby starsze oraz cierpiące na schorzenia ze strony układu krążenia, mogą mieć osłabioną regulację ciśnienia tętniczego i utrzymywania odpowiedniego poziomu nawodnienia. Z tego powodu, zalecane jest sumienne stosowanie się do prostych rad lekarzy &ndash; picie odpowiedniej ilości wody, chronienie się przez intensywnym słońcem oraz przeprowadzanie częstych i regularnych pomiar&oacute;w ciśnienia! </p>\r\n<p>&nbsp;</p>\r\n<p>&bdquo;<em>Latem, kiedy występują upały, potrzebny jest zdrowy rozsądek i spożywanie odpowiedniej ilości płyn&oacute;w. Zdrowy rozsądek w tym sensie, że jeśli ktoś ma już 80 lat i przebył dwa zawały, to trening nordic walking należy odpowiednio skr&oacute;cić albo odbyć z instruktorem. W Polsce mamy coraz większy dostęp do klub&oacute;w dla senior&oacute;w i dla os&oacute;b w wieku produkcyjnym, klub&oacute;w rekreacji ruchowej. Zdroworozsądkowe podejście do ekstremalnej pogody jest oczywiście potrzebne</em>&rdquo; &ndash; m&oacute;wi prof. Tomasz Zdrojewski z katedry Nadciśnienia Tętniczego i Diabetologii Gdańskiego Uniwersytetu Medycznego, członek Rady Ekspert&oacute;w kampanii &bdquo;Ciśnienie na Życie&rdquo;.</p>', 0, 'grozne-upaly'),
(19, '2015-08-06', '', '589ac776b42490da_th_1.png', '589ac776b42490da_th_2.png', 'W czerwcu i lipcu, blisko 9 500 osób odwiedziło mobilne centrum badań kampanii „Ciśnienie na Życie”!', 'W ciągu dwóch letnich miesięcy, mobilne centrum badań oferujące bezpłatne badania profilaktyczne, odwiedziło 20 miast z dziesięciu różnych województw.', '<p>Upłynęły kolejne miesiące trwania og&oacute;lnopolskiej kampanii &bdquo;Ciśnienie na Życie&rdquo;. W ciągu dw&oacute;ch letnich miesięcy, mobilne centrum badań oferujące bezpłatne badania profilaktyczne, odwiedziło 20 miast z dziesięciu r&oacute;żnych wojew&oacute;dztw. <strong>9 489</strong> chętnych miało okazję sprawdzić ciśnienie tętnicze, poziom cholesterolu we krwi oraz określić wiek swojego serca.</p>\r\n<p>&nbsp;</p>\r\n<p>Pomimo wielu kampanii promujących zdrowy tryb życia, Polacy badają się zbyt rzadko i często bagatelizują niepokojące sygnały, jakie daje im organizm. Zdarza się, że nie wykonujemy podstawowych badań profilaktycznych takich jak pomiar ciśnienia tętniczego krwi, sprawdzanie poziomu cholesterolu czy cukru we krwi. Organizatorzy kampanii &bdquo;Ciśnienie na Życie&rdquo; już trzeci rok z rzędu prowadzą działania mające na celu uświadomienie Polakom, jakie ryzyko niesie za sobą brak odpowiedniej profilaktyki chor&oacute;b sercowych. Na akcjach bezpłatnych badań można nie tylko zmierzyć ciśnienie tętnicze krwi, ale także, za pomocą innowacyjnej aplikacji<sup><a href="#_ftn1" name="_ftnref1">1</a></sup> , poddać się badaniu wieku serca. Pozwala ono stwierdzić, czy u pacjenta istnieje zwiększone ryzyko zachorowania na zawał serca lub udar m&oacute;zgu. Występuje ono wtedy, gdy obliczony wiek serca jest wyższy od wieku metrykalnego. Wyniki pomiar&oacute;w, przeprowadzonych w ciągu kolejnych dw&oacute;ch miesięcy akcji &bdquo;Ciśnienie na Życie&rdquo;, nie prezentują się korzystnie. Wiek serca, aż 67% przebadanych os&oacute;b jest wyższy od ich wieku metrykalnego.</p>\r\n<p>&nbsp;</p>\r\n<p style="text-align: center;"><strong>Na szczęście wiek serca można obniżyć!</strong></p>\r\n<p style="text-align: center;">&nbsp;</p>\r\n<ul style="list-style-type: circle;">\r\n<li>Spędzaj aktywnie czas (umiarkowany wysyłek) minimum 4 razy w tygodniu po 30 minut.&nbsp; Pamiętaj, że nie każda forma ćwiczeń jest wskazana dla wszystkich os&oacute;b, dlatego warto skonsultować się z lekarzem lub trenerem &nbsp;&nbsp;<br />&nbsp; &nbsp;</li>\r\n<li>Zrezygnuj z palenia papieros&oacute;w lub nie zaczynaj ich palić &ndash; wypalanie paczki papieros&oacute;w dziennie zwiększa ryzyko zawału serca aż 4-krotnie &nbsp;&nbsp;&nbsp; &nbsp;<br /><br /></li>\r\n<li>Regularnie kontroluj ciśnienie tętnicze krwi, glukozę i cholesterol. <br />W razie zaobserwowania nieprawidłowości bądź pod stałą opieką lekarza<br /> &nbsp;&nbsp;&nbsp; &nbsp;</li>\r\n<li>Jeżeli lekarz przepisze Ci leki, przyjmuj je zgodnie z zaleceniami &nbsp;&nbsp;&nbsp; &nbsp;<br /><br /></li>\r\n<li>Jedz mniej potraw zawierających tłuszcze zwierzęce, s&oacute;l i cholesterol. <br />Wzbogać dietę o warzywa i owoce &nbsp;&nbsp;&nbsp; &nbsp;<br /><br /></li>\r\n<li>Jeśli leczysz się już kardiologicznie, zawsze stosuj się do zaleceń lekarza prowadzącego</li>\r\n</ul>\r\n<p>&nbsp;</p>\r\n<p>Porozmawiaj o zdrowiu Twojego serca ze swoim lekarzem lub odwiedź Centrum Obniżania Wieku Serca. Lista gabinet&oacute;w zrzeszonych, kt&oacute;re biorą udział w akcji znajduje się na stronie&nbsp;<a href="../../konkurs.html">www.cisnienienazycie.pl</a> w zakładce <strong>KONKURS</strong>.</p>\r\n<p>&nbsp;</p>\r\n<p>W czerwcu i lipcu, mobilne centrum badań kampanii &bdquo;Ciśnienie na Życie&rdquo; odwiedziło:</p>\r\n<ul style="list-style-type: circle;">\r\n<li>Ełk</li>\r\n<li>Łomżę</li>\r\n<li>Tarnobrzeg</li>\r\n<li>Mielec</li>\r\n<li>Krak&oacute;w&nbsp;</li>\r\n<li>Sanok</li>\r\n<li>Żywiec</li>\r\n<li>Legionowo</li>\r\n<li>Jastrzebie-Zdr&oacute;j&nbsp;</li>\r\n<li>Rudę Śląską&nbsp;</li>\r\n<li>Tarnowskie G&oacute;ry&nbsp;</li>\r\n<li>Kalisz</li>\r\n<li>Trzebnicę</li>\r\n<li>Wałbrzych&nbsp;</li>\r\n<li>Opole&nbsp;</li>\r\n<li>Lubin</li>\r\n<li>Zieloną G&oacute;rę</li>\r\n<li>Ostr&oacute;w Wielkopolski&nbsp;&nbsp;</li>\r\n<li>Leszno&nbsp;</li>\r\n<li>Szamotuły</li>\r\n</ul>\r\n<p>&nbsp;</p>\r\n<p><strong>Zapraszamy na badania do kolejnych miast z trasy mobilnego centrum badań!</strong></p>\r\n<p>&nbsp;</p>\r\n<p style="font-size: 11px;"><a href="#_ftnref1" name="_ftn1">[1]</a> Aplikacja powstała w oparciu o wyniki <em>Impact of atrial fibrillation on the risk of death: The Framingham Heart Study</em> i&nbsp;publikację R. D&rsquo;Agostino i wsp. <em>Circulation</em> oraz prace badawcze zespołu prof. T. Zdrojewskiego z&nbsp;Gdańskiego Uniwersytetu Medycznego. W badaniu wyliczono wiek serca dla os&oacute;b w wieku od 20 do 74 lat, kt&oacute;re dotąd nie przebyły ani zawału serca, ani udaru m&oacute;zgu. Dlatego miarodajne wyniki uzyskamy w tej grupie wiekowej.</p>\r\n<p style="font-size: 11px;"><a href="#_ftnref1" name="_ftn1"></a></p>', 0, 'w-czerwcu-i-lipcu-blisko-9 500-osob-odwiedzilo-mobilne-centrum-badan-kampanii-cisnienie-na-zycie'),
(20, '2015-08-20', '664b166617fab3b9.jpg', '664b166617fab3b9_th_1.png', '664b166617fab3b9_th_2.png', 'Ciśnienie na Życie odwiedziło Krynicę Zdrój', '275 mieszkańców i turystów Krynicy Zdroju poznało wiek swojego serca.', '<p>14 sierpnia w Krynicy Zdroju, w trakcie trwania 49. Festiwalu im. Jana Kiepury, na specjalnym stoisku kampanii &bdquo;Ciśnienie na Życie&rdquo; można było bezpłatnie zmierzyć ciśnienie tętnicze krwi oraz zbadać wiek serca. Wszyscy chętni, kt&oacute;rzy tego dnia pojawili się w Centrum Handlowym Pasaż Krynicki mieli okazję skontrolować stan swojego zdrowia oraz zasięgnąć porad wykwalifikowanego personelu medycznego. Okazało się, że wiek serca 70% przebadanych os&oacute;b jest średnio wyższy o 13 lat od wieku metrykalnego!</p>', 0, 'cisnienie-na-zycie-odwiedzilo-krynice-zdroj'),
(21, '2015-08-21', '', '090da815e216c4bb_th_1.png', '090da815e216c4bb_th_2.png', 'Ciśnienie na Życie powitało pielgrzymów!', 'Ponad 1 700 osób skontrolowało stan swojego zdrowia.', '<p>14 i 15 sierpnia na placu Biegańskiego w Częstochowie na uczestnik&oacute;w pieszej Pielgrzymki na Jasną G&oacute;rę czekało specjalne stoisko kampanii &bdquo;Ciśnienie na Życie&rdquo;. Wszyscy chętni mieli okazję poddać się bezpłatnemu pomiarowi ciśnienia tętniczego krwi oraz poznać wiek swojego serca. Stan zdrowia pod kątem układu sercowo-naczyniowego sprawdziło ponad <br />1 700 pielgrzym&oacute;w. Wyniki przeprowadzonych badań pokazały, że wiek serca aż 58% przebadanych os&oacute;b jest średnio wyższy o 14 lat od wieku metrykalnego! <br />Podczas akcji, uczestnikom wędr&oacute;wki, rozdano w sumie 15 tys. butelek wody.</p>', 0, 'cisnienie-na-zycie-powitalo-pielgrzymow'),
(22, '2015-09-01', '', '8cbe716882676636_th_1.png', '8cbe716882676636_th_2.png', 'Ciśnienie na Życie na konferencji Ministra Zdrowia', '88 uczestników konferencji skontrolowało stan swojego zdrowia', '<p>21 sierpnia 2015 r. w Gdańsku odbyło się &oacute;sme już spotkanie Ministra Zdrowia prof. Mariana Zembali z cyklu &bdquo;Polak&oacute;w Zdrowia Portret Własny&rdquo;. Tematy, kt&oacute;re zostały om&oacute;wione w ramach spotkania dotyczyły m.in.: poprawy działalności szpitali klinicznych, prewencji zdrowia czy opieki medycznej w podstawowej opiece zdrowotnej. W trakcie trwania konferencji, wszyscy zainteresowani mogli bezpłatnie zmierzyć ciśnienie krwi oraz poziom cholesterolu, a także zbadać wiek swojego serca. Wszystko to, możliwe było dzięki akcji &bdquo;Ciśnienie na Życie&rdquo;, kt&oacute;ra w tym czasie była obecna w Gdańsku w Centrum Medycyny Inwazyjnej przy ulicy Smoluchowskiego. Z darmowych badań skorzystało 88 os&oacute;b.</p>', 0, 'cisnienie-na-zycie-na-konferencji-ministra-zdrowia'),
(23, '2015-09-03', '', '5a465a4eecf02fdc_th_1.png', '5a465a4eecf02fdc_th_2.png', '„Ciśnienie na Życie” w Deszcznie', 'Podczas 9 Święta Pieczonego Kurczaka, dzięki współpracy z gminą Deszczno, przeprowadzono akcje „Ciśnienie na Życie”.', '<p>30 sierpnia 2015 roku w Deszcznie odbyło się największe wydarzenie regionu jakim jest &bdquo;Święto Pieczonego Kurczaka&rdquo;. Tysiące os&oacute;b mogło skorzystać z wielu przygotowanych atrakcji przez organizator&oacute;w imprezy, a gwoździem programu były koncerty Krzysztofa Krawczyka oraz Mrozu.&nbsp;&nbsp;&nbsp;&nbsp;&nbsp; <br />W czasie trwania święta, uczestnicy mogli r&oacute;wnież wziąć udział w bezpłatnych badaniach ciśnienia krwi oraz poziomu cholesterolu, a także zbadać wiek swojego serca. Wszystko to było możliwe, dzięki akcji &bdquo;Ciśnienie na Życie&rdquo;, w kt&oacute;rej wzięło udział 360 os&oacute;b. Aż u 74% badanych stwierdzone zostało, że ich serce jest starsze od wieku metrykalnego średnio o 17 lat.</p>', 0, 'cisnienie-na-zycie-w-deszcznie'),
(24, '2015-09-02', 'e2e04fee03b0ad58.JPG', 'e2e04fee03b0ad58_th_1.png', 'e2e04fee03b0ad58_th_2.png', '„Ciśnienie na Życie” z Solidarnością', 'W 35. rocznicę podpisania Porozumień Sierpniowych została przeprowadzona akcja „Ciśnienie na Życie”', '<p>27 i 28 sierpnia 2015 roku w Gdańsku odbył się zjazd krajowej komisji NSZZ Solidarność. Podczas obrad zostały ustalone najbliższe plany działania zrzeszenia, poruszono kwestie najistotniejsze dla polskich pracownik&oacute;w, dyskutowano na temat rozwoju związk&oacute;w zawodowych zar&oacute;wno w Polsce, jak i Europie, złożono r&oacute;wnież hołd pod pomnikiem Poległych Stoczniowc&oacute;w. W czasie trwania zjazdu, związkowcy mogli wziąć udział w bezpłatnych badaniach ciśnienia krwi oraz poziomu cholesterolu, a także zbadać wiek swojego serca. Wszystko to było możliwe, dzięki akcji &bdquo;Ciśnienie na Życie&rdquo;, w kt&oacute;rej wzięło udział 137 os&oacute;b. Aż u 78% badanych stwierdzone zostało, że ich serce jest starsze od wieku metrykalnego, średnio o 14 lat. </p>', 0, 'cisnienie-na-zycie-z-solidarnoscia'),
(25, '2015-09-21', '', 'a89ecaac6dac8993_th_1.png', 'a89ecaac6dac8993_th_2.png', 'Konsekwencje niestosowania się do zaleceń lekarza', 'Brak należytej współpracy chorego z zespołem terapeutycznym – nie tylko lekarzem lecz również pielęgniarką, pracownikiem socjalnym, czy farmaceutą, powoduje zmniejszenie skuteczności leczenia choroby', '<p><strong><em>Dr Anna Szyndler, Prof. Krzysztof Narkiewicz</em></strong></p>\r\n<p>&nbsp;</p>\r\n<p style="text-indent: 30px;">Wizyta w gabinecie lekarskim dla większości pacjent&oacute;w jest przynajmniej nieco stresująca. W czasie wizyty pacjent otrzymuje informacje na temat istoty choroby oraz koniecznych zmian w codziennych przyzwyczajeniach, kt&oacute;re należałoby wprowadzić w celu poprawy skuteczności leczenia, spowolnienia rozwoju istniejącej choroby, czy zapobieganiu jej konsekwencjom. Często informacje te uzupełnione są o nazwy, dawkowanie, czas przyjmowania lek&oacute;w oraz ewentualne zmiany &ndash; często kilku preparat&oacute;w. Nierzadko informacje te podawane są w spos&oacute;b hasłowy i szybki. Dodatkowo zdarza się, iż zalecenia lekarskie są w sprzeczności z dotychczasowymi poglądami pacjenta, czy też stanowią dla niego zupełną nowość. W badaniach przeprowadzonych wśr&oacute;d pacjent&oacute;w rozpoczynających leczenie nowo rozpoznanej choroby jedynie około 60% pacjent&oacute;w kontynuowało terapię po roku od jej rozpoczęcia, w tym kolejne 30% zakwalifikowane zostało jako realizujące w pełni plan leczenia <sup>1,2</sup>. Najczęściej podawaną przyczyną przerywania terapii był brak motywacji do kontynuowania leczenia (72%) lub brak informacji dotyczących choroby i jej leczenia (56%). Do rzadszych przyczyn zaliczono działania niepożądane i brak wsparcia ze strony personelu medycznego &ndash; w tym brak szczeg&oacute;łowych informacji na temat dawkowania lek&oacute;w <sup>3</sup>.</p>\r\n<p style="text-indent: 30px;">Podstawową konsekwencją niestosowania się do zaleceń lekarskich jest brak lub bardzo niska skuteczność zaproponowanej terapii. Brak efekt&oacute;w &bdquo;leczenia&rdquo; dalej zniechęca pacjent&oacute;w do wizyt lekarskich, zmniejsza zaufanie do pracownik&oacute;w służby zdrowia, a co za tym idzie powoduje powstanie &bdquo;błędnego koła terapeutycznego&rdquo;.</p>\r\n<p style="text-indent: 30px;">Przyglądając się bliżej problemowi można wyr&oacute;żnić kilka podstawowych problem&oacute;w wynikających z niestosowania się do zaleceń lekarskich.</p>\r\n<p style="text-indent: 30px;">Pomimo obecności na rynku skutecznych lek&oacute;w np. obniżających ciśnienie tętnicze, czy regulujących poziom glukozy we krwi, skuteczność leczenia nadciśnienia tętniczego w Polsce wynosi około 30%. Oznacza to, iż jedynie, co trzecia osoba z rozpoznanym i leczonym nadciśnieniem tętniczym osiąga zakładane obniżenie ciśnienia tętniczego do poziomu poniżej 140/90 mmHg. Z reguły niska skuteczność zaproponowanej terapii powoduje konieczność zwiększania dawek lub liczby stosowanych lek&oacute;w, a co za tym idzie nasilenie poczucia choroby przez pacjenta. Osoby leczone nieskutecznie zwracają się często o poradę do os&oacute;b najbliższych, czy znajomych, szukają r&oacute;wnież informacji w dostępnych źr&oacute;dłach np. w Internecie. O ile pogłębianie wiedzy na temat choroby jest udowodnioną metodą poprawy skuteczności jej leczenia, o tyle og&oacute;lnie dostępne źr&oacute;dła wiedzy nie zawsze mogą być uznane za wiarygodne. Przy szukaniu informacji na temat zdrowia, stylu życia, czy sposob&oacute;w leczenia warto polegać na wiarygodnych, fachowych i sprawdzonych źr&oacute;dłach, do takich można zaliczyć strony dla pacjent&oacute;w tworzone przez naukowe towarzystwa medyczne, stowarzyszenia pacjent&oacute;w, czy strony edukacyjne wydawnictw specjalistycznych.</p>\r\n<p style="text-indent: 30px;">Opr&oacute;cz niskiej skuteczności leczenia nieprzestrzeganie zaleceń lekarskich niesie za sobą konsekwencje dotykające bezpośrednio pacjent&oacute;w. Stale zmieniające się stężenia lek&oacute;w we krwi nie tylko nie pozwalają uzyskać pełnego efektu terapeutycznego lecz r&oacute;wnież mogą bardzo negatywnie wpływać na codzienne funkcjonowanie. Wahania wartości ciśnienia tętniczego, wahania poziomu glukozy, czy nawracające napady duszności bardzo negatywnie wpływają na samopoczucie chorego powodując b&oacute;le głowy, nadmierną senność, czy duży stres i znaczne ograniczenie codziennej aktywności. W takich sytuacjach bardzo często pacjenci zmuszeniu są do korzystania z pomocy doraźnej. Leki przepisywane w oddziałach pomocy doraźnej mają za zadanie szybkie i skuteczne zwalczenie dolegliwości. Bardzo często leki te nie są optymalne do długotrwałej terapii i dlatego nie zapewniają skutecznego leczenia przewlekłego, jak r&oacute;wnież mogą powodować działania niepożądane nieobserwowane w lekach przeznaczonych do leczenia długotrwałego.</p>\r\n<p style="text-indent: 30px;">Kolejnym bardzo ważnym problemem wśr&oacute;d chorych stosujących leki na stałe jest pr&oacute;ba dostosowywania schemat&oacute;w terapeutycznych do codziennych sytuacji, na przykład okazjonalnego spożycia alkoholu, konieczności pozostania na czczo przed badaniami, rozkładu dnia uniemożliwiającego regularne korzystanie z toalety w przypadkach stosowania lek&oacute;w moczopędnych, czy występowanie działań niepożądanych (np. impotencja przy stosowaniu starszych beta-bloker&oacute;w). Każde &bdquo;wakacje&rdquo; terapeutyczne powodują konsekwencje w postaci obniżenia skuteczności terapii oraz występowania działań niepożądanych związanych ze zmianami stężeń lek&oacute;w w surowicy. Dość częstym zjawiskiem towarzyszącym &bdquo;wakacjom terapeutycznym&rdquo; jest &bdquo;nadrabianie&rdquo; dawek lek&oacute;w opuszczonych &ndash; o ile w przypadku pominięcia lek&oacute;w konsekwencją może być nasilenie dolegliwości, <br />w przypadku zwiększenia stężenia lek&oacute;w ponad dawki terapeutyczne możemy mieć do czynienia z zatruciem lekami z wszystkim tego konsekwencjami.</p>\r\n<p style="text-indent: 30px;">Podsumowując brak należytej wsp&oacute;łpracy chorego z zespołem terapeutycznym &ndash; nie tylko lekarzem lecz r&oacute;wnież pielęgniarką, pracownikiem socjalnym, czy farmaceutą, powoduje zmniejszenie skuteczności leczenia choroby, brak poprawy samopoczucia, jak r&oacute;wnież szybsze występowanie powikłań i postęp choroby podstawowej. Do skutecznego leczenia wymagane jest zaangażowanie i przepływ informacji w obie strony zar&oacute;wno do pacjenta, jak <br />i od pacjenta w stronę lekarza.</p>\r\n<p>&nbsp;</p>\r\n<p style="font-size: 11px;">Piśmiennictwo:</p>\r\n<p style="font-size: 11px;">1. Jonikas MA, Mandl KD: Surveillance of medication use: Early identification of poor adherence. J Am Med Inform Assoc 2012;19:649-654.</p>\r\n<p style="font-size: 11px;">2. McHorney CA, Victor Spain C, Alexander CM, Simmons J: Validity of the adherence estimator in the prediction of 9-month persistence with medications prescribed for chronic diseases: A prospective analysis of data from pharmacy claims. Clin Ther 2009;31:2584-2607.</p>\r\n<p style="font-size: 11px;">3. Simons LA, Levis G, Simons J: Apparent discontinuation rates in patients prescribed lipid-lowering drugs. Med J Aust 1996;164:208-211.</p>', 0, 'konsekwencje-niestosowania-sie-do-zalecen-lekarza'),
(26, '2015-09-21', '', '5970cd8ab465957a_th_1.png', '5970cd8ab465957a_th_2.png', 'Płeć a choroby kardiologiczne (jak choruje kobieta, jak mężczyzna)', 'Na podstawie rozpowszechnienia czynników ryzyka oszacowano, iż serce przeciętnego Polaka jest średnio o 8-9 lat starsze niż jego aktualny wiek.', '<p><strong>Dr Anna Szyndler, Prof. Krzysztof Narkiewicz</strong></p>\r\n<p>&nbsp;</p>\r\n<p style="text-indent: 30px;">Choroby układu krążenia przez wiele lat uznawane były za domenę mężczyzn. Mężczyźni mieli zawały serca, ginęli nagle z innych powod&oacute;w kardiologicznych, czy doświadczali udar&oacute;w m&oacute;zgu. Od kilku jednak lat, dzięki badaniom epidemiologicznymi i obserwacyjnym wiemy, iż częstość występowania chor&oacute;b układu sercowo-naczyniowego jest por&oacute;wnywalna wśr&oacute;d kobiet i mężczyzn. Dodatkowo po 60 roku życia u kobiet &ndash; w por&oacute;wnaniu z mężczyznami &ndash; obserwuje się szybki wzrost częstości zachorowań. Opr&oacute;cz klasycznych czynnik&oacute;w ryzyka, jak nadciśnienie tętnicze, otyłość, palenie tytoniu, brak aktywności fizycznej, czy nieprawidłowy poziom cholesterolu, kobiety narażone są na dodatkowe specyficzne dla swojej płci ryzyko związane ze zmianami następującymi w ciąży (nadciśnienie tętnicze, czy cukrzyca indukowane ciążą), jak r&oacute;wnież zaburzenia hormonalne kobiet w wieku rozrodczym (zesp&oacute;ł policystycznych jajnik&oacute;w, przedwczesna menopauza). Występowanie dodatkowego obciążenia, unikalnych dla kobiet czynnik&oacute;w ryzyka, wiąże się z koniecznością intensywnych działań zapobiegających rozwojowi chor&oacute;b układu krążenia i ich skutecznego leczenia.</p>\r\n<p style="text-indent: 30px;">Większość klasycznych czynnik&oacute;w ryzyka oddziałuje w podobnym stopniu zar&oacute;wno na mężczyzn i kobiety zwiększając ich szanse na występowanie chor&oacute;b układu krążenia. Jednakowy jest wpływ otyłości, podwyższonego stężenia cholesterolu w surowicy, czy braku aktywności fizycznej, jednakże wykazano, iż palenie tytoniu znacznie bardziej obciąża rokowanie u kobiet. Warto o tym pamiętać w rozmowach z kobietami palącymi tytoń<br />i szczeg&oacute;lnie w tej grupie zachęcać do porzucenia nałogu.</p>\r\n<p style="text-indent: 30px;">Zdarza się r&oacute;wnież, że kobiety nie chorują na choroby układu sercowo-naczyniowego zgodnie z opisami w podręcznikach. W wytycznych diagnostyki np. choroby wieńcowej klasyczne objawy, czyli zamostkowy b&oacute;l w klatce piersiowej, pojawiający się przy wysiłku<br />i ustępujący w spoczynku, u mężczyzn przyjmowane są za wysoce prawdopodobne rozpoznanie choroby, u kobiet natomiast stanowią zaledwie przesłankę do wykonania dalszych badań diagnostycznych. U kobiet dolegliwości związane z chorobą wieńcową dużo częściej przyjmują tak zwane &bdquo;maski&rdquo;, na przykład &ndash; duszność wstępująca w czasie wysiłku fizycznego, napady kołatania serca, niecharakterystyczne dolegliwości w klatce piersiowej czy g&oacute;rnej części jamy brzusznej, czasami nudności czy wymioty. R&oacute;wnież niekt&oacute;re badania, jak na przykład pr&oacute;ba wysiłkowa mają dużo mniejszą wartość diagnostyczną u kobiet<br />w por&oacute;wnaniu z mężczyznami.</p>\r\n<p style="text-indent: 30px;">Pr&oacute;cz r&oacute;żnic w częstości występowania chor&oacute;b kardiologicznych pomiędzy płciami warto r&oacute;wnież zauważyć istotne r&oacute;żnice w jakości przestrzegania zaleceń lekarskich. Według badań epidemiologicznych przeprowadzonych w Polsce (Natpol 2011) grupą najgorzej przestrzegającą zaleceń są mężczyźni między 40 i 60 rokiem życia. Jest to jedna z możliwych przyczyn r&oacute;żnic chorobowości między płciami, jak r&oacute;wnież ogromne pole do działań zmierzających do poprawy wsp&oacute;łpracy z lekarzami.</p>\r\n<p style="text-indent: 30px;">Na podstawie danych z tego samego badania oceniano r&oacute;wnież wiek serca Polak&oacute;w. Na podstawie rozpowszechnienia czynnik&oacute;w ryzyka oszacowano, iż serce przeciętnego Polaka jest średnio o 8-9 lat starsze niż jego aktualny wiek. Co więcej wykazano, iż proces starzenia serca przebiega odmiennie u kobiet i mężczyzn. O ile serce męskie zaczyna starzeć się już w wieku około 30 lat &ndash; ma w&oacute;wczas około 35-ciu lat, proces ten przebiega stopniowo, o tyle 30 letnia kobieta ma wiek serca odpowiedni do wieku metrykalnego. Jednakże już w wieku 40 lat serce kobiety jest średnio o 10 lat starsze niż jej wiek metrykalny, a w najstarszej grupie wiekowej kobiet około 70 roku życia wiek serca osiąga 95 lat. Dane te wskazują na konieczność intensywnego postępowania prewencyjnego i edukacyjnego wśr&oacute;d kobiet już <br />w średnim wieku, co może skutkować wolniejszym starzeniem się serc Polak&oacute;w.</p>\r\n<p>&nbsp;</p>\r\n<p>&nbsp;</p>', 0, 'plec-a-choroby-kardiologiczne-jak-choruje-kobieta-jak-mezczyzna');
INSERT INTO `news` (`id`, `date_from`, `file`, `fileThumb1`, `fileThumb2`, `title`, `sneak_peak`, `body`, `hidden`, `slug`) VALUES
(27, '2015-09-29', 'f1fe77ddf4213262.jpg', 'f1fe77ddf4213262_th_1.png', 'f1fe77ddf4213262_th_2.png', 'OBNIŻAMY WIEK SERCA POLAKÓW!', 'W kampanii „Ciśnienie na Życie” na podstawie pomiarów ciśnienia obliczany jest tzw. wiek serca.', '<p><strong>Uroczystość Światowego Dnia Serca jest obchodzona w każdą ostatnią niedzielę września w ponad 120 krajach. Ma ona na celu szerokie upowszechnienie wiedzy o schorzeniach serca i naczyń krwionośnych oraz o możliwościach ich leczenia i profilaktyki. W związku z planowanymi na najbliższą niedzielę 27.09.2015 krajowymi Obchodami Światowego Dnia Serca, eksperci Rady Naukowej kampanii &bdquo;Ciśnienie na Życie&rdquo; apelują o ogłoszenie września miesiącem obniżania wieku serca. Apel ekspert&oacute;w &ndash; ogłoszenie września miesiącem obniżania wieku serca.</strong></p>\r\n<p>&nbsp;</p>\r\n<p>Szanowni Państwo!</p>\r\n<p style="text-indent: 30px;">&nbsp;W Polsce nieustannie rośnie liczba os&oacute;b o zwiększonym ryzyku zachorowania na zawał serca oraz udar m&oacute;zgu. Z badań uzyskanych w ramach kampanii &bdquo;Ciśnienie na Życie&rdquo; wynika, iż wiek serca Polak&oacute;w jest średnio o 6 lat wyższy niż ich wiek metrykalny. Jak wynika z raportu PBS, przeprowadzonego na początku 2014 r., 41% Polak&oacute;w nie pamięta, kiedy ostatni raz mierzyło ciśnienie tętnicze krwi. Niewielki odsetek społeczeństwa jest świadomy, jak ważne są profilaktyczne pomiary ciśnienia tętniczego krwi. Wiek serca można obniżyć, dlatego apelujemy, aby wrzesień w szczeg&oacute;lności poświęcić budowaniu świadomości na temat obniżania wieku serca.</p>\r\n<p style="text-indent: 30px;">&nbsp;W kampanii &bdquo;Ciśnienie na Życie&rdquo; na podstawie pomiar&oacute;w ciśnienia obliczany jest tzw. wiek serca. Wykorzystano do tego algorytm Framingham Heart Study z 2008 r. Uniwersytetu w Bostonie oraz wyniki badania NATPOL 2011, przystosowane dla Kampanii przez zesp&oacute;ł prof. T. Zdrojewskiego z Gdańskiego Uniwersytetu Medycznego, ekspert&oacute;w Narodowego Instytutu Zdrowia Publicznego &ndash; Państwowego Zakładu Higieny w Warszawie oraz prof. Mariana Zembalę z Śląskiego Centrum Chor&oacute;b Serca. Aplikacja pomaga stwierdzić, czy u pacjenta istnieje ryzyko zawału serca lub udaru m&oacute;zgu. Pojawia się ono wtedy, gdy obliczony wiek serca jest wyższy od wielu metrykalnego. Dobrą wiadomością jest możliwość samodzielnego obniżania wieku serca &ndash; może to uczynić każdy, kto poprawi styl życia oraz rozpocznie zdrową dietę dostosowaną do trybu życia. W razie potrzeby podejmie leczenie nadciśnienia tętniczego, cukrzycy czy hipercholesterolemii. Obniżeniu wieku sprzyja r&oacute;wnież pozbycie się nadmiernych kilogram&oacute;w, systematyczna aktywność fizyczna, rzucenie używek takich jak papierosy i alkohol.</p>\r\n<p style="text-indent: 30px;">&nbsp;W oparciu o rekomendacje światowych towarzystw naukowych proponujemy przedstawienie pacjentom kilku czytelnych zasad, mających na celu OBNIŻENIE WIEKU SERCA:</p>\r\n<ul style="list-style-type: circle;">\r\n<li>Zmień nawyki: do pracy wybieraj rower; zamiast windy wybierz schody, spędzaj aktywnie czas (umiarkowany wysiłek) minimum 4 razy w tygodniu po 30 min&nbsp;</li>\r\n<li>Jedz mniej potraw zawierających tłuszcze zwierzęce i s&oacute;l, wzbogać dietę w warzywa i owoce</li>\r\n<li>Zrezygnuj z palenia papieros&oacute;w bądź nie zaczynaj ich palić</li>\r\n<li>Regularnie kontroluj ciśnienie tętnicze krwi, glukozę i cholesterol, w razie zaobserwowania nieprawidłowości zgłoś się do lekarza</li>\r\n<li>Jeśli leczysz się już kardiologicznie, stosuj się do zaleceń lekarza prowadzącego</li>\r\n<li>Przyjmuj regularnie leki, kt&oacute;re zalecił Ci lekarz</li>\r\n<li>Znajdź miejsce swojej akcji bezpłatnych badań na www.cisnienienazycie.pl i poznaj wiek swojego serca</li>\r\n</ul>\r\n<p style="text-indent: 30px;">&nbsp;W ostatnią niedzielę września przypada Światowy Dzień Serca, apelujmy, aby każdy z nas zadbał o kondycję swojego serca i m&oacute;gł świadomie dołączyć do grona os&oacute;b, kt&oacute;rym udało się obniżyć wiek serca. Zawalczmy o nasze życie!</p>\r\n<p>&nbsp;<img style="float: right;" src="../../bundles/acardfrontend/img/podpis.png" alt="" width="171" height="57" /></p>\r\n<p style="text-align: right;"><br />&nbsp;</p>\r\n<p style="text-align: right;">&nbsp;</p>\r\n<p style="text-align: right;">&nbsp;</p>\r\n<p style="text-align: right;">&nbsp;</p>\r\n<p style="text-align: right;">Tomasz Zdrojewski</p>\r\n<p style="text-align: right;">Rada Naukowa kampanii &bdquo;Ciśnienie na Życie&rdquo;</p>', 0, 'obnizamy-wiek-serca-polakow'),
(28, '2015-09-29', '', 'f23fb2825b1fdc4e_th_1.png', 'f23fb2825b1fdc4e_th_2.png', '„Ciśnienie na Życie” na najwyższym szczycie Europy – relacja z wyprawy', 'Kinga Gac i Jarosław Czech, śmiałkowie którym kampania „Ciśnienie na Życie” kibicowała w trakcie przygotowań i towarzyszyła podczas wyprawy na Mont Blanc.', '<p style="text-indent: 30px;"><strong>Miesiące przygotowań i wyczerpujących trening&oacute;w, godziny spędzone na ćwiczeniu umiejętności alpinistycznych na najtrudniejszych polskich szlakach g&oacute;rskich. Wszystko to, aby osiągnąć wyznaczony sobie cel: zdobycie Mont Blanc &ndash; najwyższego szczytu Alp. Kinga Gac i Jarosław Czech, śmiałkowie kt&oacute;rym kampania &bdquo;Ciśnienie na Życie&rdquo; kibicowała w trakcie przygotowań i towarzyszyła podczas wyprawy, spełnili swoje marzenie.</strong></p>\r\n<p style="text-indent: 30px;">G&oacute;ry towarzyszą im od lat. Jak m&oacute;wią, po każdej g&oacute;rskiej wyprawie czują coraz większe &bdquo;Ciśnienie na Życie&rdquo;. Po każdej przygodzie zawsze poszukiwałem następnego wyzwania. W zeszłym roku uczestniczyliśmy z Kingą w wyprawie na Via Ferraty we Włoskie Dolomity. Od tej chwili myśleliśmy już tylko o tym, co dalej i gdzie iść wyżej. O tym, jak mimo wszelkich trudności podczas wejścia na Mont Blanc udało im się zdobyć wierzchołek, opowiadają Kinga Gac i Jarosław Czech.</p>\r\n<p style="text-indent: 30px;">Wspinaczka na &bdquo;jeszcze wyższy&rdquo; szczyt rozpoczęła się 30 czerwca około południa. Aby zaoszczędzić kilka popołudniowych godzin żmudnego, nudnego podejścia pod masyw g&oacute;rski, zdecydowaliśmy się skorzystać z Tramway du Mont Blanc czyli kolejki, kt&oacute;ra nieprzerwanie od 1907 roku wwozi turyst&oacute;w na wysokość 2 372 m n.p.m. Z końcowej stacji kolejki skierowaliśmy się w kierunku szczytu Tete Rousse (3 167 m n.p.m.). Podeszliśmy ten odcinek w podręcznikowym czasie 3 h i w ostatnich promieniach zachodzącego słońca rozbiliśmy nasz dwuosobowy &bdquo;hotel&rdquo;. Ciepły posiłek, kt&oacute;ry zjedliśmy po kilku godzinach marszu z ponad dwudziestokilogramowymi plecakami, smakował nieziemsko.</p>\r\n<p style="text-indent: 30px;">Gł&oacute;wnym zadaniem na drugi dzień zdobywania Alp była aklimatyzacja. O ile można znieść lekkie otępienie spowodowane niskim poziomem tlenu, o tyle poważniejszych objaw&oacute;w choroby wysokościowej nie można bagatelizować. Zdecydowaliśmy się na aklimatyzację podczas wejścia. Najlepszym rozwiązaniem jest w takiej sytuacji podejście nieco wyżej a następnie powr&oacute;t na nocleg i ponowne wejście następnego dnia. Z okolicy schroniska Tete Rousse podeszliśmy do schroniska Gouter na wysokości 3 835 m n.p.m., co zajęło nam ok. 3,5 h. Warto wspomnieć o jednym z ciekawszych pod względem ilości wydzielanej adrenaliny odcink&oacute;w trasy nazywanym Kuluarem Rolling Stones lub nieco bardziej obrazowo Kuluarem Śmierci. Jest to ok. 50 metrowy trawers. W czasie jego pokonywania, należy liczyć się ze sporą liczbą spadających kamieni wielkości od pudełka zapałek do mniej więcej telewizora. Tu serce zawsze bije szybciej. Samo schronisko jest w pewnym sensie przełomowym odcinkiem trasy, ponieważ z dołu jest ono najwyższym widocznym punktem g&oacute;ry. Dopiero po osiągnieciu Goutera widoczna jest dalsza, lecz wciąż niepełna część wycieczki.</p>\r\n<p style="text-indent: 30px;">Po spędzeniu kilku godzin w schronisku, nabraliśmy chęci i werwy do drogi powrotnej. Nieprzypadkowo m&oacute;wi się, że zejście jest trudniejsze niż podejście. Ubezpieczana w kilku miejscach stalową liną trasa ma jednak pewną zaletę. Ot&oacute;ż cały czas widać pole namiotowe, a kojący widok rosnącego w oczach namiotu zawierającego ciepły śpiw&oacute;r i jedzenie łagodzi nawet lęk przed wspomnianym kuluarem. Tego dnia zapracowaliśmy solidnie na porcję liofilizatu o delikatnym posmaku spaghetti bolognese, a prawie 10 h snu pokazało nam, jak bardzo zmęczył nas drugi dzień wyprawy. Trzeci dzień to ponowne podejście do schroniska Gouter. Nocleg w schronisku jest obligatoryjny ponieważ od czasu oddania do użytku nowego schroniska jakiekolwiek biwakowanie jest zabronione pod karą od 1 200 do 6 000 euro. Jakby tego było mało, około godziny 2 większość gości rusza na trasę fundując reszcie pobudkę jest o 1 w nocy.</p>\r\n<p style="text-indent: 30px;">Pierwsza część drogi to żmudne zdobywanie wysokości w zupełnej ciemności. Jak okiem sięgnąć dookoła widać jedynie światła latarek czołowych. Świt zastał nas na wysokości ok. 4 362 m n.p.m., gdzie zlokalizowany jest schron Vallot. Ten metalowy barak to ostatnie schronienie na trasie, traktowane często jako miejsce odpoczynku i posiłku przed dalszym zdobywaniem szczytu. Nam niestety post&oacute;j odrobinę się przedłużył, ponieważ właśnie tu zaczęłam odczuwać silny b&oacute;l głowy i nudności. Zaczęliśmy myśleć o powrocie, ale po chwili zastanowienia postanowiliśmy kontynuować podejście. Kiedy jakieś 200 m wyżej do objaw&oacute;w doszły jeszcze wymioty. Jarek chciał wracać. Ja jednak nie wyobrażam sobie, że 200 m przed szczytem zrezygnuję. Po dłuższej chwili odpoczynku postanowiłam, że nie odpuszczę...</p>\r\n<p style="text-indent: 30px;">Wierzchołek osiągnęliśmy 3 lipca około godziny 8.30. Świadomość, że wszystko dookoła jest niżej nas dodawała skrzydeł i poprawiała humor. Zejście granią było od strony psychologicznej jeszcze większym wyzwaniem niż wejście. Szczęśliwie nie spotkały nas krytyczne sytuacje i po 4 godzinach zeszliśmy najpierw do schroniska Gouter, a po kolejnych 4 godzinach do położonego prawie 1 600 m niżej schroniska Tete Rousse. Ostatni nocleg upłynął już w pełni relaksu i odpoczynku ze świadomością wykonania planu w 100 procentach.</p>\r\n<p style="text-indent: 30px;">Po zdobyciu szczytu i bezpiecznym zejściu turnią czuliśmy, że &bdquo;możemy wszystko&rdquo;. Byliśmy z siebie ogromnie dumni &ndash; udało nam się wejść na osławiony Mont Blanc pomimo trudności.</p>\r\n<p style="text-indent: 30px;"><iframe style="display: block; margin-left: auto; margin-right: auto;" src="https://www.youtube.com/embed/PFlyLFsFwrE" width="560" height="315" frameborder="0" allowfullscreen="allowfullscreen"></iframe></p>', 0, 'cisnienie-na-zycie-na-najwyzszym-szczycie-europy-relacja-z-wyprawy'),
(29, '2015-10-01', '', '55de98fc8788bed5_th_1.png', '55de98fc8788bed5_th_2.png', 'Kampania „Ciśnienie na Życie” i akcja Transplant OK! na Borholmie!', 'Adriana Szklarz i Izabela Łukowiak, które zawdzięczają zdrowie przeszczepionym im organom, pokonały ponad 120 km w sześć dni, udowadniając tym samym, że po przeszczepie narządów można żyć w pełni', '<p>Udało się! Plan, aby obejść Bornholm i przyczynić się w ten spos&oacute;b do popularyzacji idei transplantologii został zrealizowany z sukcesem. Adriana Szklarz i Izabela Łukowiak, kt&oacute;re zawdzięczają zdrowie przeszczepionym im organom, pokonały ponad 120 km w sześć dni, udowadniając tym samym, że po przeszczepie narząd&oacute;w można żyć w pełni. Adriana już prawie od 6 lat żyje dzięki nowemu sercu, Izabela dostała nową nerkę. Obie postanowiły w wyjątkowy spos&oacute;b podziękować wszystkim zaangażowanym w transplantologię, za danie im szansy na dalsze życie.</p>\r\n<p>&nbsp;</p>\r\n<p><em>Zakończyłyśmy z sukcesem naszą wsp&oacute;lna akcję Transplant OK! Nordic walking &ndash; Bornholm 2015. Jesteśmy pełne satysfakcji i szczęśliwe, że udało nam się nasze słabości pokonać i w tak nietuzinkowy i nadzwyczajny spos&oacute;b promować transplantologię i przekazywanie narząd&oacute;w do przeszczepu. Spełniłyśmy wszystkie zakładane dla nas cele głęboko wierząc w przesłanie tej akcji &ndash; m&oacute;wią uczestniczki akcji.</em></p>\r\n<p>&nbsp;</p>\r\n<p>Kampania &bdquo;Ciśnienie na Życie&rdquo; m&oacute;wi TAK dla transplantologii oraz gratuluje bohaterkom akcji Transplant OK! Nordic Walking on Bornholm 2015 wielkiego sukcesu!</p>\r\n<p>&nbsp;</p>\r\n<p>Wideo relacja z niezwykłej wyprawy:</p>\r\n<p>&nbsp;</p>\r\n<p><iframe src="https://www.youtube.com/embed/mGKgdypZVKE" width="560" height="315" frameborder="0" allowfullscreen="allowfullscreen"></iframe></p>\r\n<p>&nbsp;</p>\r\n<p>&nbsp;</p>\r\n<p>Więcej informacji o akcji Transplant OK! znajduje się na stronie:</p>\r\n<p><a href="http://www.facebook.com/nadzwyczajne">www.facebook.com/nadzwyczajne</a></p>\r\n<p>&nbsp;</p>', 0, 'kampania-cisnienie-na-zycie-i-akcja-transplant-ok-na-borholmie'),
(30, '2015-10-21', '', 'da2be8aa1bcc53a9_th_1.png', 'da2be8aa1bcc53a9_th_2.png', 'Światowy Dzień Serca z kampanią „Ciśnienie na Życie”', 'Obchody Światowego Dnia Serca mają na celu zwiększenie świadomości społecznej dotyczącej chorób serca oraz promocję zdrowego stylu życia.', '<p>Światowy Dzień Serca, obchodzony w ostatni weekend września w ponad 120 krajach, ma na celu szerokie upowszechnienie podstawowej wiedzy o schorzeniach serca i naczyń oraz o możliwościach leczenia i profilaktyki. Na 15-tych obchodach corocznego święta nie mogło zabraknąć kampanii &bdquo;Ciśnienie na Życie&rdquo;, kt&oacute;ra swoją działalnością wpisuje się w ideę Światowego Dnia Serca.&nbsp;</p>\r\n<p>&nbsp;</p>\r\n<p>Obchody Światowego Dnia Serca mają na celu zwiększenie świadomości społecznej dotyczącej chor&oacute;b serca oraz promocję zdrowego stylu życia. 26 i 27 września kampania &bdquo;Ciśnienie na Życie&rdquo; wsparła obchody, tego kluczowego dla profilaktyki chor&oacute;b kardiologicznych wydarzenia, w 5 miastach Polski. Uczestnicy obchod&oacute;w Światowego Dnia Serca w Łodzi, Limanowej, Warszawie, Bielsku &ndash; Białej oraz w Kołobrzegu mieli okazję skontrolować swoje zdrowie pod kątem układu sercowo-naczyniowego. W sumie aż 933 os&oacute;b poznało wiek swojego serca dzięki badaniom kampanii &bdquo;Ciśnienie na Życie&rdquo;.</p>', 0, 'swiatowy-dzien-serca-z-kampania-cisnienie-na-zycie'),
(31, '2015-11-09', '', '4bea3306a565fc34_th_1.png', '4bea3306a565fc34_th_2.png', 'Gala Heart Forum', 'Gala Heart Forum będzie okazją do przedstawienia wyników raportu podsumowującego dane zebrane w trakcie trwania trzech edycji kampanii „Ciśnienie na Życie”.', '<p>Mamy zaszczyt zaprosić Państwa na <strong>Galę Heart Forum</strong> kt&oacute;ra odbędzie się 20 listopada 2015 r. o godzinie 11:00 w Hotelu Starym przy ul. Szczepańskiej 5 w Krakowie. Spotkanie to będzie ukoronowaniem III edycji kampanii &bdquo;Ciśnienie na Życie&rdquo;. W ramach minionej edycji kampanii &bdquo;Ciśnienie na Życie&rdquo;, od maja do końca października 2015 r., mobilne centrum badań dotarło do 52 miast Polski. Gala Heart Forum będzie okazją do przedstawienia wynik&oacute;w raportu podsumowującego dane zebrane w trakcie trwania trzech edycji kampanii &bdquo;Ciśnienie na Życie&rdquo;, podczas, kt&oacute;rych przebadano blisko 353 tys. os&oacute;b. Raport <strong>Wiek Serca Polak&oacute;w</strong>, kt&oacute;ry pokazuje m.in. ile lat w stosunku do wieku metrykalnego ma serce statystycznego mieszkańca Polski został przygotowany przez ekspert&oacute;w Kliniki Nadciśnienia Tętniczego i Diabetologii Gdańskiego Uniwersytetu Medycznego. Dane do raportu zebrano w oparciu o&nbsp; unikalną aplikację &bdquo;wiek serca&rdquo; opracowaną przez ekspert&oacute;w z GUM specjalnie na potrzeby kampanii.</p>\r\n<p>&nbsp;</p>\r\n<p>W trakcie uroczystości zostaną r&oacute;wnież rozdane nagrody laureatom dw&oacute;ch konkurs&oacute;w:<strong> &bdquo;Najmłodsze Serce&rdquo;</strong>, w ramach kt&oacute;rego uczestnicy z całego kraju odpowiadali na pytanie &bdquo;W jaki spos&oacute;b starasz się obniżyć wiek swojego serca?&rdquo; oraz &bdquo;Samorząd od Serca&rdquo; popularyzującego samorządowe programy zdrowotne z dziedziny profilaktyki chor&oacute;b układu sercowo-naczyniowego.</p>\r\n<p>&nbsp;</p>\r\n<p>Szczeg&oacute;łowy program uroczystości można zobaczyć <a href="../../uploads/cnz_program_hf.pdf">tutaj</a>.</p>', 0, 'gala-heart-forum'),
(32, '2015-11-26', '', 'ee8584d7bef073fc_th_1.png', 'ee8584d7bef073fc_th_2.png', '" Wiek serca Polaków " – znamy wyniki wyczekiwanego raportu z badań  ogólnopolskiej kampanii „Ciśnienie na Życie”', 'Głównym założeniem kampanii „Ciśnienie na Życie” jest przekonanie Polaków do dbania o swoje zdrowie, szczególnie w kontekście zdarzeń kardiologicznych', '<p>W ramach bezpłatnych badań profilaktycznych prowadzo&not;nych przez blisko 3 lata w ramach kampanii &bdquo;Ciśnienie na Życie&rdquo; ponad 112 000 mieszkańc&oacute;w Polski poznało wiek swoich serc. Dzięki wsparciu ekspert&oacute;w z Gdańskiego Uniwersytetu Medycznego <sup>1</sup> wiemy już, że serce statystycznego Polaka jest średnio o 6 lat starsze od niego samego. Wyniki raportu zostały ogłoszone 20 listopada podczas gali Heart Forum w Krakowie &ndash; spotkania podsumowującego 3 lata kampanii &bdquo;Ciśnienie na Życie&rdquo;. Uroczystość zwieńczyło rozstrzygnięcie konkursu &bdquo;Samorząd od serca&rdquo; i wręczenie nagr&oacute;d 14 samorządom, realizującym programy zdrowotne z zakresu prewencji chor&oacute;b kardiologicznych.</p>\r\n<p>&nbsp;</p>\r\n<p>Gł&oacute;wnym założeniem kampanii &bdquo;Ciśnienie na Życie&rdquo; jest przekonanie Polak&oacute;w do dbania o swoje zdrowie, szczeg&oacute;lnie w kontekście zdarzeń kardiologicznych oraz zachęcenie ich do regularnej kontroli ciśnienia tętniczego krwi. Od grudnia 2012 r. kampania &bdquo;Ciśnienie na Życie&rdquo; odwiedziła niemalże całą Polskę, oferując pomiary ciśnienia tętniczego krwi oraz badania wieku serca mieszkańcom ponad 120 miast. Zmierzenie parametr&oacute;w takich jak ciśnienie tętnicze krwi, waga, obw&oacute;d talii oraz uwzględnienie informacji na temat przebytych chor&oacute;b i przyjmowanych lek&oacute;w, pozwoliło określić wiek serca pacjenta. Stworzona w tym celu aplikacja &bdquo;Wiek Serca&rdquo; dała szansę nie tylko na obrazowe przedstawienie pacjentowi jego stanu zdrowia, ale także dostarczyła danych do raportu &bdquo;Wiek serca Polak&oacute;w&rdquo;. Wyniki raportu przedstawiono 20 listopada na oficjalnej gali Heart Forum w Krakowie.</p>\r\n<p>&nbsp;</p>\r\n<p><strong>Ile lat mają nasze serca?</strong></p>\r\n<p>&nbsp;</p>\r\n<p>Na podstawie danych zebranych w trakcie trwania trzech edycji kampanii zesp&oacute;ł badawczy z Gdańskiego Uniwersytetu Medycznego&nbsp; ocenił rozpowszechnienie czynnik&oacute;w ryzyka chor&oacute;b układu krwionośnego w społeczeństwie oraz statystyczny wiek serca mieszkańca Polski. Jak wynika z badań, wiek serca statystycznej Polki przewyższa jej wiek metrykalny o 4,5 roku. Wiek serca statystycznego Polaka to aż 7 lat więcej niż wskazuje metryka. Uzasadnieniem r&oacute;żnicy wieku serca występującej w zależności od płci jest m.in. większe zainteresowanie swoim zdrowiem u pań. 55,4% przebadanych os&oacute;b to płeć piękna. Zgodnie z raportem panie lepiej dbają o linię &ndash; osoby, u kt&oacute;rych zdiagnozowano nadwagę, to w przewadze mężczyźni. &bdquo;<em>Nadwaga i otyłość mają silny związek z ryzykiem nadciśnienia. Wśr&oacute;d os&oacute;b ważących ponad normę, ze wskaźnikiem masy ciała 30 i więcej, odsetek cierpiących na nadciśnienie wynosi ponad 42%, podczas gdy w grupie os&oacute;b ważących prawidłowo &ndash; nieco powyżej 15%. Trzeba pamiętać, że podwyższony wiek serca to nie wyrok. Drogą do obniżenia wieku serca jest wyeliminowanie czynnik&oacute;w ryzyka sercowo-naczyniowego, w tym nadwagi</em>&rdquo; &ndash; m&oacute;wi prof. Tomasz Zdrojewski kierownik Zakładu Prewencji Gdańskiego Uniwersytetu Medycznego, członek Rady Ekspert&oacute;w kampanii &bdquo;Ciśnienie na Życie&rdquo;.</p>\r\n<p>&nbsp;</p>\r\n<p>Do podwyższonego wieku serca pan&oacute;w niewątpliwie przykłada się także zgubny nał&oacute;g palenia tytoniu &ndash; ponad 27% zbadanych mężczyzn przyznało się do uzależnienia. Wywiady medyczne przeprowadzone w trakcie trwania kampanii pokazały, że to jednak panowie lepiej przestrzegają zaleceń lekarskich w terapii nieprawidłowych wartości ciśnienia krwi. Ponad połowie mężczyzn udaje się dobrze kontrolować zdiagnozowane wcześniej nadciśnienie tętnicze.</p>\r\n<p>&nbsp;</p>\r\n<p><strong>&bdquo;Epidemia&rdquo; nadciśnienia tętniczego</strong></p>\r\n<p><strong>&nbsp;</strong></p>\r\n<p>Eksperci z GUM por&oacute;wnali także wyniki raportu &bdquo;Wiek serca Polak&oacute;w&rdquo; z raportem NATPOL opracowanym na podstawie danych z badań przesiewowych prowadzonych w latach&nbsp; 1997-2011. Okazuje się, że stan wiedzy na temat profilaktyki chor&oacute;b układu sercowo-naczyniowego wśr&oacute;d polskiej populacji jest nadal niepokojący. Najnowsze dane są bezwzględne: liczba os&oacute;b cierpiących na nadciśnienie tętnicze krwi rośnie. W trakcie badań profilaktycznych prowadzonych w ramach kampanii 14% kobiet i blisko 24% mężczyzn dowiedziało się o tym, że wynik pomiaru ich ciśnienia przekracza prawidłowe wartości, czyli 140/90 mmH. &bdquo;<em>Nadciśnienie tętnicze z reguły wykrywane jest podczas przypadkowego badania kontrolnego krwi. W większości przypadk&oacute;w choroba ta przebiega bezobjawowo, co czyni ją groźną dla zdrowia, a nawet życia. W najgorszych i wcale nierzadkich przypadkach pacjenci zgłaszają się do poradni zdrowia dopiero gdy wystąpią u nich objawy powikłań narządowych nadciśnienia</em>&rdquo; &ndash; komentuje jeden z autor&oacute;w raportu &bdquo;Wiek serca Polak&oacute;w&rdquo;, dr Łukasz Wierucki, asystent Zakładu Prewencji Gdańskiego Uniwersytetu Medycznego.</p>\r\n<p>&nbsp;</p>\r\n<p>Znaczna część os&oacute;b, kt&oacute;re wzięły udział w badaniu wieku serca, deklarowała, iż zaczęła regularnie mierzyć ciśnienie dopiero po wystąpieniu poważnych powikłań związanych z nadciśnieniem tętniczym. Co więcej, w społeczeństwie niezmiennie panuje przeświadczenie, że badania profilaktyczne czy konsultacje lekarskie należy przechodzić dopiero w wieku podeszłym. Zgodnie z tym przekonaniem do udziału w badaniach realizowanych w trakcie kampanii częściej zgłaszały się osoby starsze, z już wcześniej rozpoznanymi chorobami przewlekłymi.</p>\r\n<p>&nbsp;</p>\r\n<p><strong>Samorząd od Serca</strong></p>\r\n<p>&nbsp;</p>\r\n<p>Jednak nie na samym &bdquo;Ciśnieniu na Życie&rdquo; kończy się profilaktyka kardiologiczna w Polsce. Organizator kampanii, Grupa Polpharma, postanowił wyr&oacute;żnić także jednostki samorządowe, kt&oacute;re z własnej inicjatywy podejmują się działań z zakresu promocji prewencji chor&oacute;b kardiologicznych na podległych im terenach. Uczestnicy konkursu &bdquo;Samorząd od Serca&rdquo; musieli przedstawić opracowane i wdrożone na przestrzeni ostatnich 10 lat programy zdrowotne z zakresu profilaktyki chor&oacute;b serca. Podczas gali Heart Forum 14 najbardziej aktywnych w tej dziedzinie samorząd&oacute;w otrzymało specjalne wyr&oacute;żnienia kampanii &bdquo;Ciśnienie na Życie&rdquo;. Pełna lista nagrodzonych samorząd&oacute;w dostępna jest w zakładce <a href="../../formularz-konkursowy.html">Samorząd od Serca.</a></p>\r\n<p>&nbsp;</p>\r\n<p><iframe src="https://www.youtube.com/embed/Vi3GaACaPpk" width="560" height="315" frameborder="0" allowfullscreen="allowfullscreen"></iframe></p>\r\n<p>&nbsp;</p>\r\n<p style="font-size: 11px;"><a href="#_ftnref1" name="_ftn1">[1]</a> W składzie: Łukasz Wierucki i Tomasz Zdrojewski z Zakładu Prewencji i Dydaktyki, Gdański Uniwersytet Medyczny, konsultanci naukowi: Jakub Stokwiszewski z Narodowego Instytutu Zdrowia Publicznego &ndash; Państwowy Zakład Higieny oraz Marian Zembala ze Śląskiego Centrum Chor&oacute;b Serca w Zabrzu.</p>', 0, 'glownym-zalozeniem-kampanii-cisnienie-na-zycie-jest-przekonanie-polakow-do-dbania-o-swoje-zdrowie-szczegolnie-w-kontekscie-zdarz'),
(33, '2016-02-17', '', 'ab18655a6bb3fa4c_th_1.png', 'ab18655a6bb3fa4c_th_2.png', 'Zdrowie kobiety w starciu z chorobą serca', 'Jak wynika z raportu „Wiek serca Polaków”, opracowanego na podstawie danych zebranych w trakcie trwania trzech edycji kampanii „Ciśnienie na Życie”, wiek serca statystycznej Polki przewyższa jej wiek metrykalny o 4,5 roku.', '<p>4 lutego odbyło się już III spotkanie z cyklu &bdquo;Sercowe Warsztaty&rdquo;, organizowane w ramach og&oacute;lnopolskiej kampanii społecznej &bdquo;Ciśnienie na Życie&rdquo;. Gośćmi Sercowych Warsztat&oacute;w byli: prof. Krzysztof Narkiewicz kierownik Katedry Nadciśnienia Tętniczego Gdańskiego Uniwersytetu Medycznego oraz psycholog zdrowia dr Aleksandra Kroemeke z Uniwersytetu SWPS. Eksperci wypowiadali się na temat terapii chor&oacute;b sercowo-naczyniowych <br />w kontekście płci i podejścia do pacjenta. Eksperci twierdzą zgodnie, że najbardziej skuteczną metodą na uniknięcie chor&oacute;b serca jest kontrola ciśnienia i zmiana stylu życia.</p>\r\n<p>&nbsp;</p>\r\n<p>Statystycznie zawał serca częściej dotyczy mężczyzn, jednak kiedy wystąpi już u kobiety, bywa, że ma ona mniejsze szanse na jego przeżycie. Dzieje się tak ponieważ objawy ataku serca u pań przybierają często niespecyficzną &ndash; zwodzącą lekarzy, jak i same chore &ndash; formę. Pacjentki trafiające do szpitala z powodu ataku serca są przeważnie w starsze niż mężczyźni cierpiący na zawał. Wszystko to op&oacute;źnia diagnozę. U kobiet dolegliwości związane z chorobą wieńcową dużo częściej przyjmują tak zwane &bdquo;maski&rdquo;, na przykład &ndash; b&oacute;l szczęki, ramienia, b&oacute;l między łopatkami, duszność wstępująca w czasie wysiłku fizycznego, napady kołatania serca, czasami nudności czy wymioty. Pacjentki zażywają leki przeciwb&oacute;lowe i czekają, aż niepokojące dolegliwości ustaną same, zmniejszając swoje szanse na skuteczną interwencję lekarską.</p>\r\n<p>&nbsp;</p>\r\n<p>&bdquo;<em>Pacjenci, kt&oacute;rzy podczas zawału nie mieli b&oacute;lu w klatce piersiowej, pojawiali się w szpitalu p&oacute;źniej, byli poddawani mniej intensywnej terapii i mieli blisko dwukrotnie wyższą śmiertelność kr&oacute;tkoterminową w por&oacute;wnaniu z osobami, u kt&oacute;rych objawy zawału były bardziej typowe</em>&rdquo; &ndash; m&oacute;wi prof. Krzysztof Narkiewicz, kierownik Katedry Nadciśnienia Tętniczego Gdańskiego Uniwersytetu Medycznego powołując się na doniesienia pisma Journal of the American Medical Association.</p>\r\n<p>&nbsp;</p>\r\n<p>Do rozwoju niedokrwiennej choroby serca dochodzi u os&oacute;b obciążonych czynnikami ryzyka takimi jak nadciśnienie tętnicze czy otyłość. Niewykryte bądź nieleczone nadciśnienie zwiększa ryzyko wystąpienia zdarzeń sercowo-naczyniowych: zawału serca i udaru m&oacute;zgu. Większość klasycznych czynnik&oacute;w ryzyka oddziałuje w podobnym stopniu zar&oacute;wno na mężczyzn, jak i kobiety, zwiększając ich szanse na występowanie chor&oacute;b układu krążenia. Jednakowy jest r&oacute;wnież wpływ otyłości, cukrzycy, podwyższonego stężenia cholesterolu <br />w surowicy czy siedzącego trybu życia, jednakże wykazano, iż palenie tytoniu znacznie bardziej oddziałuje na rokowanie u kobiet.</p>\r\n<p>&nbsp;</p>\r\n<p>Jak wynika z raportu &bdquo;Wiek serca Polak&oacute;w&rdquo;, opracowanego na podstawie danych zebranych w trakcie trwania trzech edycji kampanii &bdquo;Ciśnienie na Życie&rdquo;, wiek serca statystycznej Polki przewyższa jej wiek metrykalny o 4,5 roku. Im większe nasilenie czynnik&oacute;w ryzyka, takich jak nadwaga czy brak ruchu, tym wiek serca jest wyższy od wieku metrykalnego. &bdquo;<em>Opr&oacute;cz klasycznych czynnik&oacute;w ryzyka, jak nadciśnienie tętnicze, otyłość, palenie tytoniu, brak aktywności fizycznej, czy nieprawidłowy poziom cholesterolu, kobiety narażone są na dodatkowe specyficzne dla swojej płci ryzyko związane ze zmianami następującymi w ciąży: nadciśnienie tętnicze czy cukrzyca indukowane ciążą, jak r&oacute;wnież zaburzenia hormonalne kobiet w wieku rozrodczym np. zesp&oacute;ł policystycznych jajnik&oacute;w lub przedwczesna menopauza</em>&rdquo; &ndash; m&oacute;wi prof. Krzysztof Narkiewicz.</p>\r\n<p>&nbsp;</p>\r\n<p>Występowanie dodatkowego obciążenia, unikalnych dla kobiet czynnik&oacute;w ryzyka, wiąże się <br />z koniecznością intensywnych działań zapobiegających rozwojowi chor&oacute;b układu krążenia <br />i ich skutecznego leczenia. Mimo, że Polacy pytani o to, co jest dla nich w życiu najważniejsze, najczęściej odpowiadają, że zdrowie, liczne projekty z zakresu profilaktyki chor&oacute;b cywilizacyjnych obnażają jednak fakt, że dbałość o zdrowie ma często charakter deklaratywny. Zgodnie z raportem &bdquo;Zdrowie i zachowanie zdrowotne mieszkańc&oacute;w Polski&rdquo; <br />z 2014 r. 62% dorosłych mężczyzn i 46% kobiet ma nadwagę, a u co drugiego mieszkańca Polski (52%) występowały długotrwałe problemy zdrowotne lub choroby przewlekłe.</p>\r\n<p>&nbsp;</p>\r\n<p>&bdquo;<em>Trzeba pamiętać, że krytyczne przeciążenia organizmu jakimi są atak serca czy udar m&oacute;zgu są wynikiem długotrwałego procesu niewłaściwego obchodzenia się z własnym ciałem. Zmiana długoletnich zachowań pacjenta to niemalże tak samo długi proces, kt&oacute;ry wymaga od chorego przewartościowania i ustalenia właściwych priorytet&oacute;w w jego życiu</em>&rdquo; &ndash; komentuje dr Aleksandra Kroemeke, psycholog zdrowia z Uniwersytetu SWPS.</p>\r\n<p>&nbsp;</p>\r\n<p>Badania epidemiologiczne przeprowadzone w Polsce (Natpol 2011) wykazały, iż proces starzenia serca przebiega odmiennie u kobiet i mężczyzn. O ile serce męskie zaczyna starzeć się już w wieku około 30 lat &ndash; ma w&oacute;wczas około 35-ciu lat, o tyle 30-letnia kobieta ma wiek serca odpowiedni do wieku metrykalnego. Jednakże już w wieku 40 lat serce kobiety jest średnio o 10 lat starsze niż jej wiek metrykalny, a w najstarszej grupie wiekowej kobiet około 70 roku życia wiek serca osiąga 95 lat. Dane te wskazują na konieczność intensywnego postępowania prewencyjnego i edukacyjnego wśr&oacute;d kobiet już w średnim wieku, co może skutkować wolniejszym starzeniem się serc Polak&oacute;w.</p>\r\n<p>&nbsp;</p>', 0, 'zdrowie-kobiety-w-starciu-z-choroba-serca'),
(34, '2016-02-18', '', '5d7f801c0376ac00_th_1.png', '5d7f801c0376ac00_th_2.png', 'Walentynkowe badanie serc z Kolejami Mazowieckimi', '14 lutego organizator kampanii „Ciśnienie na Życie” wraz z Kolejami Mazowieckimi w specjalny sposób zadbali o serca podróżujących pociągiem.', '<p>W dniu Świętego Walentego każdy ze szczeg&oacute;lną troską myśli o wybrankach swojego serca. Dzień ten to także wyjątkowa okazja, aby pomyśleć o swoim sercu. 14 lutego organizator kampanii &bdquo;Ciśnienie na Życie&rdquo; wraz z Kolejami Mazowieckimi w specjalny spos&oacute;b zadbali <br />o serca podr&oacute;żujących pociągiem. W dzień zakochanych z Dworca Warszawa Zachodnia ruszył specjalny pociąg KM relacji Warszawa &ndash; Działdowo, kt&oacute;rego pasażerowie mieli możliwość bezpłatnego zbadania kondycji swoich serc. Wszyscy chętni, kt&oacute;rzy zgłosili się do punktu &bdquo;Ciśnienie na Życie&rdquo; zlokalizowanym w pociągu, wykwalifikowany personel medyczny zmierzył ciśnienie tętnicze krwi, przeprowadził badanie wieku serca oraz udzielił porad <br />z zakresu chor&oacute;b układu krążenia.</p>', 0, 'walentynkowe-badanie-serc-z-kolejami-mazowieckimi'),
(35, '2016-02-26', '', 'e37925b0dded6c29_th_1.png', 'e37925b0dded6c29_th_2.png', '„Ciśnienie na Życie” na Kongresie Wyzwań Zdrowotnych', 'Przez cały czas trwania Kongresu jego uczestnicy mieli możliwość skorzystania z badań prowadzonych w ramach kampanii „Ciśnienie na Życie”.', '<p>Kongres Wyzwań Zdrowotnych w Katowicach (HCC, Health Challenges Congress) już za nami. W dniach 18-20 lutego 2016 r., w jednym miejscu spotkali się przedstawiciele niemal wszystkich środowisk związanych z szeroko rozumianą ochroną zdrowia. Na tak wyjątkowym wydarzeniu nie mogło zabraknąć kampanii społecznej &bdquo;Ciśnienie na Życie&rdquo;.</p>\r\n<p>&nbsp;</p>\r\n<p>Kongres zgromadził ponad 2 tys. gości. Udział w dyskusjach prowadzonych <br />w Międzynarodowym Centrum Kongresowym w Katowicach wzięło ok. 250 prelegent&oacute;w, m.in.: polityk&oacute;w, lekarzy, przedstawicieli środowiska uniwersyteckiego, samorządowc&oacute;w, podmiot&oacute;w związanych z branżą medyczną oraz farmaceutyczną, a także organizacji pacjent&oacute;w.</p>\r\n<p>&nbsp;</p>\r\n<p>W trakcie Kongresu oceniano obecny stan system&oacute;w ochrony zdrowia w Polsce i innych krajach. W wydarzeniu uczestniczyli m.in.: przedstawiciele Ministerstwa Zdrowia, Narodowego Funduszu Zdrowia, Agencji Oceny Technologii Medycznych i Taryfikacji, konsultanci krajowi <br />i kierownicy klinik. Ponad to ostatniego dnia trwania Kongresu, Międzynarodowe Centrum Kongresowe otworzyło się na wszystkich mieszkańc&oacute;w Katowic. Zainteresowani goście mogli wziąć udział w bezpłatnych badaniach profilaktycznych oraz w wykładach prowadzonych przez specjalist&oacute;w z wielu dziedzin medycyny i promocji zdrowia.</p>\r\n<p>&nbsp;</p>\r\n<p>Przez cały czas trwania Kongresu jego uczestnicy mieli możliwość skorzystania z badań prowadzonych w ramach kampanii &bdquo;Ciśnienie na Życie&rdquo;. Na specjalnym stanowisku &bdquo;Ciśnienie na Życie&rdquo; personel medyczny prowadził pomiary ciśnienia tętniczego krwi oraz ocenę wieku serca. W trakcie trzech dni trwania Kongresu, aż 600 os&oacute;b poznało wiek swojego serca.</p>', 0, 'cinnienie-na-zycie-na-kongresie-wyzwań-zdrowotnych'),
(36, '2016-08-17', '', 'be0db6ed4319cbc4_th_1.png', 'be0db6ed4319cbc4_th_2.png', 'Kampania „Ciśnienie na Życie” pod Jasna Górą', 'Każdy kto w tych dniach pojawił się na placu Biegańskiego w Częstochowie mógł skorzystać z bezpłatnych pomiarów ciśnienia tętniczego krwi.', '<p>Organizatorzy kampanii &bdquo;Ciśnienie na Życie&rdquo; po raz kolejny sprawdzili zdrowie pielgrzym&oacute;w. 14 i 15 sierpnia podczas uroczystości zwieńczających wędr&oacute;wkę na Jasną G&oacute;rę, przebadano ponad 1500 os&oacute;b i rozdano 20 000 butelek wody mineralnej! Każdy kto w tych dniach pojawił się na placu Biegańskiego w Częstochowie m&oacute;gł skorzystać z bezpłatnych pomiar&oacute;w ciśnienia tętniczego krwi, zbadać wiek serca i zadbać o prawidłowe nawodnienie organizmu.</p>', 0, 'kampania-cisnienie-na-zycie-pod-jasna-górą'),
(37, '2016-08-16', '', '9a716e2247ee8ba8_th_1.png', '9a716e2247ee8ba8_th_2.png', 'XXIII Otwarte Żeglarskie Mistrzostwa Polski Dziennikarzy', '12 i 13 sierpnia, XXIII Otwartym Żeglarskim Mistrzostwom Polski Dziennikarzy towarzyszyła kampania „Ciśnienie na Życie”. w specjalnym namiocie kampanii „Ciśnienie na Życie”, wiek swojego serca poznało aż 705 osób! Każdy, kto odwiedził namiot kampanii znajdujący się w Wiosce Żeglarskiej w Mikołajkach, mógł bezpłatnie zmierzyć ciśnienie tętnicze krwi oraz zbadać wiek swojego serca za pomocą innowacyjnej aplikacji. Okazuje się, że wiek serca 68% przebadanych osób jest średnio wyższy o 12 lat od wieku metrykalnego!', '<p>Zdaniem lekarzy regularne uprawianie sportu pozytywnie wpływa na nasz układ krążenia. <br />Z drugiej strony, stres przed startem czy emocje związane z kibicowaniem mogą negatywnie oddziaływać na ciśnienie tętnicze krwi. 12 i 13 sierpnia pielęgniarki kampanii &bdquo;Ciśnienie na Życie&rdquo; skontrolowały poziom ciśnienia krwi uczestnik&oacute;w oraz kibic&oacute;w XXIII Otwartych Żeglarskich Mistrzostw Polski Dziennikarzy w Mikołajkach, a także zbadały wiek serca wszystkich zainteresowanych. Okazało się, że wiek serca 68% przebadanych os&oacute;b jest średnio o 12 lat wyższy od wieku metrykalnego.</p>', 0, 'otwarte-żeglarskie-mistrzostwa-polski-dziennikarzy'),
(38, '2016-08-15', '', '3dd8d7b1a077019f_th_1.png', '3dd8d7b1a077019f_th_2.png', 'Kampania „Ciśnienie na Życie” na Dniu Otwartym Polpharma', 'Na imprezie pojawiło się również stoisko kampanii społecznej „Ciśnienie na Życie”.', '<p>Z okazji Dnia Otwartego Polpharmy organizowanego 23.04, mieszkańcy Starogardu Gdańskiego mieli okazję zwiedzić ogromną nowoczesną fabrykę firmy farmaceutycznej Polpharma, a także wziąć udział w wielu animacjach dedykowanych dzieciom i dorosłym. Na imprezie pojawiło się r&oacute;wnież stoisko kampanii społecznej &bdquo;Ciśnienie na Życie&rdquo;. Wszyscy chętni, kt&oacute;rzy zgłosili się do specjalnego stoiska kampanii, skorzystali z badań ciśnienia tętniczego krwi, poziomu cholesterolu oraz badania wieku serca.</p>', 0, 'kampania-ciśnienie-na-zycie-na-dniu-otwartym-polpharma-w-starogardzie-gdańskim'),
(39, '2016-09-05', '', '5adce712ef96e616_th_1.png', '5adce712ef96e616_th_2.png', 'Kampania „Ciśnienie na Życie” w Gminie Deszczno', 'Podczas 10. edycji Święta Pieczonego Kurczaka organizowanego w Gminie Deszczno, w specjalnym namiocie kampanii „Ciśnienie na Życie”, wiek swojego serca poznało aż 437 osób! Każdy, kto odwiedził namiot kampanii, mógł bezpłatnie zmierzyć ciśnienie tętnicze krwi oraz zbadać wiek swojego serca za pomocą innowacyjnej aplikacji. Okazuje się, że wiek serca 68% przebadanych osób jest średnio wyższy \r\no 17 lat od wieku metrykalnego!', '<p>Plenerowa impreza organizowana od kilku lat w Gminie Deszczno, bez wątpienia dla wielu mieszkańc&oacute;w wojew&oacute;dztwa lubuskiego zdążyła zapisać się jako wydarzenie obowiązkowe <br />w kalendarzu letnich atrakcji. Jak co roku, organizatorzy zadbali o szereg przyjemności dla dzieci oraz dorosłych. <br />Przy okazji jubileuszowej odsłony Święta, opr&oacute;cz gwiazd sceny muzycznej (m.in. koncert Patrycji Markowskiej i Czerwonych Gitar) i stoisk z regionalnymi przysmakami, uczestnicy mogli sprawdzić stan swojego zdrowia. Pielęgniarki kampanii &bdquo;Ciśnienie na Życie&rdquo; skontrolowały poziom ciśnienia krwi bawiących się na Święcie Pieczonego Kurczaka, a&nbsp;także zbadały wiek serca wszystkich zainteresowanych. Okazało się, że wiek serca 68% przebadanych os&oacute;b jest średnio o 17 lat wyższy od wieku metrykalnego.</p>', 0, 'kampania-cisnienie-na-zycie-w-gminie-deszczno'),
(40, '2016-10-05', '', '273699123cb01c45_th_1.png', '273699123cb01c45_th_2.png', 'Międzynarodowe Święto Serca', 'Światowy Dzień Serca, to święto obchodzone z inicjatywy Światowej Federacji Serca każdego września w ponad 120 krajach.', '<p>Wydarzenie ma na celu upowszechnienie podstawowej wiedzy o&nbsp;schorzeniach serca oraz <br />o możliwościach ich zapobiegania i leczenia. Kampania &bdquo;Ciśnienie na Życie&rdquo; przyłączyła się do obchod&oacute;w Światowego Dnia Serca organizowanych 17 września w Starogardzie Gdańskim oraz 23 września w Bielsku Białej. Przy okazji akcji bezpłatnych badań w namiocie kampanii, blisko 300 os&oacute;b skontrolowało poziom swojego ciśnienia krwi, a także zbadało wiek serca.</p>', 0, 'miedzynarodowe-swieto-serca'),
(41, '2016-10-06', '', '99a8a0b7245cdc2d_th_1.png', '99a8a0b7245cdc2d_th_2.png', 'Zbadano serca uczestników Biegu Wegańskiego', 'Kampania „Ciśnienie na Życie” od trzech lat wspiera Bieg Wegański organizowany w Warszawie. 24 września skontrolowano poziom ciśnienia, a także zbadano wiek serca wszystkich zainteresowanych uczestników V edycji biegu.', '<p>W miasteczku biegaczy zorganizowanym w Parku Skaryszewskim w&nbsp;specjalnym namiocie kampanii &bdquo;Ciśnienie na Życie&rdquo;, wiek swojego serca poznało aż 277 os&oacute;b! Każdy, kto odwiedził namiot kampanii, m&oacute;gł bezpłatnie zmierzyć ciśnienie tętnicze krwi oraz zbadać wiek swojego serca za pomocą innowacyjnej aplikacji. Okazuje się, że wiek serca 53% przebadanych os&oacute;b jest średnio wyższy o 8 lat od wieku metrykalnego!<strong>&nbsp;</strong></p>', 0, 'bieg-weganski'),
(42, '2016-10-07', '', '07e0fdd73699539b_th_1.png', '07e0fdd73699539b_th_2.png', 'Obchody Międzynarodowego Dnia Seniora w Ogrodzie Saskim', 'Z okazji Międzynarodowego Dnia Seniora 2 października w warszawskim Ogrodzie Saskim zorganizowano Jarmark Kreatywności.', '<p>Obecni na pikniku mogli skorzystać z wielu atrakcji m.in. posłuchać mini-recitalu Wojciecha Dąbrowskiego, obejrzeć pokaz tańca orientalnego grupy PRO Kobieta 50+ z J&oacute;zefowa czy posłuchać lubianej wśr&oacute;d senior&oacute;w DJ Wiki. W namiocie kampanii &bdquo;Ciśnienie na Życie&rdquo; przeprowadzono bezpłatne badania ciśnienia tętniczego krwi oraz zbadano wiek serc Senior&oacute;w &ndash; ponad 200 uczestnik&oacute;w imprezy sprawdziło kondycję swojego serca! Okazało się, że wiek 61% przebadanych serc jest średnio wyższy o 20 lat od wieku metrykalnego przebadanych.</p>', 0, 'miedzynarodowy-dzien-seniora'),
(43, '2016-11-24', '3c36dca6e4f03e47.jpg', '3c36dca6e4f03e47_th_1.png', '3c36dca6e4f03e47_th_2.png', 'Kampania „Ciśnienie na Życie” na targach CSR', 'Targi CSR, to największe cykliczne wydarzenie organizowane przez Forum Odpowiedzialnego Biznesu. W trakcie wydarzenia firmy takie jak Grupa Polpharma, IKEA, czy Simens prezentowały swoje praktyki związane ze społeczną odpowiedzialnością biznesu w Polsce.', '<p>Podczas organizowanych 17 listopada 2016 r. na Stadionie Narodowym targ&oacute;w CSR wszyscy chętni mieli możliwość skorzystania z bezpłatnych badań prowadzonych w ramach kampanii &bdquo;Ciśnienie na Życie&rdquo;.</p>\r\n<p>&nbsp;</p>\r\n<p>Targi CSR, to największe cykliczne wydarzenie organizowane przez Forum Odpowiedzialnego Biznesu. W trakcie wydarzenia firmy takie jak Grupa Polpharma, IKEA, czy Simens prezentowały swoje praktyki związane ze społeczną odpowiedzialnością biznesu w Polsce. Na stoisku Grupy Polpharma obecna była także kampania &bdquo;Ciśnienie na Życie&rdquo;. Wszyscy uczestnicy i osoby odwiedzające targi miały możliwość poznania wieku swojego serca oraz zbadania ciśnienia tętniczego krwi. W sumie w akcji badań wzięło udział ponad 60 os&oacute;b.</p>', 0, 'kampania-cisnienie-na-zycie-na-targach-csr'),
(44, '2016-11-25', '191222d1ab0b489c.JPG', '191222d1ab0b489c_th_1.png', '191222d1ab0b489c_th_2.png', 'Poznaliśmy wiek serca pasażerów PKP!', 'Z akcji badań, prowadzonych przez wykwalifikowany personel medyczny, skorzystało aż 207 osób. Okazało się, że wiek serca 70% przebadanych jest średnio wyższy o 13 lat od wieku metrykalnego badanych.', '<p>22 listopada 2016 roku na Dworcu Centralnym w Warszawie kampania &bdquo;Ciśnienie na Życie&rdquo; zorganizowała dla podr&oacute;żnych PKP możliwość bezpłatnego zmierzenia ciśnienia krwi oraz zbadania wieku serca. Z akcji badań, prowadzonych przez wykwalifikowany personel medyczny, skorzystało aż 207 os&oacute;b. Okazało się, że wiek serca 70% przebadanych jest średnio wyższy o 13 lat od wieku metrykalnego badanych. </p>', 0, 'poznalismy-wiek-serca-pasazerow-pkp'),
(45, '2016-12-12', '', '4eba791d1b263d0e_th_1.png', '4eba791d1b263d0e_th_2.png', 'Badania wieku serca na Przeglądzie Filmów Górskich', 'Kampania „Ciśnienie na Życie” partnerowała tej inicjatywie.', '<p>W weekend 10 i 11 grudnia w warszawskim kinie Luna odbywał się 13. Przegląd Film&oacute;w G&oacute;rskich organizowany przez Fundację Wspierania Alpinizmu Polskiego im. Jerzego Kukuczki. Kampania &bdquo;Ciśnienie na Życie&rdquo; partnerowała tej inicjatywie. Wszyscy pasjonaci alpinizmu oraz pozostali goście kina Luna mogli skorzystać z bezpłatnych badań wieku serca i pomiar&oacute;w ciśnienia tętniczego krwi wykonywanych tego dnia na stoisku kampanii &bdquo;Ciśnienie na Życie&rdquo;.</p>', 0, 'badania-wieku-serca-na-przegladzie-filmow-gorskich'),
(46, '2016-12-13', '', '63ca83a99e2cb2ca_th_1.png', '63ca83a99e2cb2ca_th_2.png', 'Sprawność seksualna w obliczu choroby serca', 'Zdecydowana większość partnerek pacjentów po przebytym zawale serca odczuwa strach przed ponownym podjęciem aktywności seksualnej.', '<p><strong>Seks stanowi wrodzoną naturalną potrzebę i funkcję organizmu człowieka, podobnie jak oddychanie, odpoczynek, czy bicie serca. Rozw&oacute;j seksuologii, kt&oacute;ry dokonał się w ostatnich latach spowodował, że dziedzina ta stała się bardziej nauką o więziach międzyludzkich, niż wiedzą o fizjologii i patologii funkcji seksualnych. Eksperci kampanii &bdquo;Ciśnienie na Życie&rdquo; podkreślają jednak, że aktywność seksualna to nie tylko wykładnik stanu relacji partnerskiej, ale r&oacute;wnież niezwykle miarodajny wskaźnik problem&oacute;w w funkcjonowaniu układu krwionośnego.</strong></p>\r\n<p>&nbsp;</p>\r\n<p>Rocznie w Polsce zawał serca przechodzi blisko 90 tysięcy os&oacute;b<em><sup>1</sup></em>. Na taki dramatyczny koniec, miliony ludzi w naszym kraju &bdquo;pracuje&rdquo; latami, cierpiąc na choroby przewlekłe: nadciśnienie, miażdżycę, chorobę niedokrwienna serca, czy powiązaną z nimi cukrzycę. Schorzenia te, opr&oacute;cz postępującego z czasem obciążenia układu sercowo-naczyniowego, wiążą się r&oacute;wnież z ogromnym ryzykiem zaburzeń seksualnych. Dysfunkcje seksualne, według danych szacunkowych Polskiego Towarzystwa Urologicznego, dotykają blisko 4 mln os&oacute;b. Zwłaszcza zmiany miażdżycowe, już na wczesnych etapach, mogą prowadzić do zaburzenia erekcji u mężczyzn i nieprawidłowości seksualnych u kobiet.</p>\r\n<p>&nbsp;</p>\r\n<p>&bdquo;<em>Układ sercowo-naczyniowy i sprawność seksualna to &bdquo;naczynia połączone&rdquo;. Zaburzenia seksualne w wielu przypadkach, mogą być wczesnym sygnałem rozwijającej się choroby serca. To bardzo ważna wskaz&oacute;wka dla tych, kt&oacute;rzy zawału jeszcze nie mieli, ale już skarżą się na zaburzenia erekcji</em>&rdquo; &ndash; komentuje prof. dr hab. Artur Mamcarz, Kierownik III Kliniki Chor&oacute;b Wewnętrznych i Kardiologii WUM, Szpital SOLEC.</p>\r\n<p>&nbsp;</p>\r\n<p>Niestety, wśr&oacute;d wielu pacjent&oacute;w, kt&oacute;rzy są już w trakcie leczenia chor&oacute;b takich jak nadciśnienie tętnicze czy miażdżyca, pokutuje też stereotyp, że to terapia lekowa jest przyczyną ich niedomagań w sferze intymnej. Często jest to także wym&oacute;wka przed poruszeniem, dla wielu os&oacute;b, najtrudniejszego tematu dotyczącego ich życia płciowego. Choroby kardiologiczne, poza najcięższymi przypadkami, nie są powodem do rezygnacji z seksu, dlatego wszelkie problemy z tego obszaru powinny być omawiane z lekarzem. Może okazać się, że problemy ze wzwodem, a u kobiet zmniejszone libido i przeżywanie orgazmu, to wynik niewystarczającej kontroli towarzyszącej chorobie przewlekłej lub po prostu niedostateczna kondycja fizyczna pacjenta. Ważnym czynnikiem, kt&oacute;ry wpływa na jakość pożycia jak i poprawę stanu układu krwionośnego, jest właśnie aktywność fizyczna.</p>\r\n<p>&nbsp;</p>\r\n<p>Zdecydowana większość partnerek pacjent&oacute;w po przebytym zawale serca odczuwa strach przed ponownym podjęciem aktywności seksualnej. Często temat związany ze sferą seksualną w obliczu istniejącej choroby jest &bdquo;zamiatany pod dywan&rdquo; przez obie strony. Gł&oacute;wnym lękiem przed bliskością cielesną wymienianym przez chorych i ich poł&oacute;wki jest obawa przed wystąpieniem kolejnego zawału w trakcie seksu. Wysiłek fizyczny podczas stosunku płciowego jest por&oacute;wnywalny do wysiłku podczas wchodzenia na 2 piętro po schodach. Mitem jest więc to, że seks wiąże się z dużym zagrażającym zdrowiu obciążeniem fizycznym.</p>\r\n<p>&nbsp;</p>\r\n<blockquote>\r\n<p style="font-size: 11px;"><em><sup>1</sup>&nbsp; Sukcesy i porażki w prewencji i terapii zawał&oacute;w serca w Polsce. Ocena na podstawie Narodowej Bazy Danych Zawał&oacute;w Serca: AMI-PL 2009-2012. Tomasz Zdrojewski, Marek Gierlotka, Bogdan Wojtyniak w imieniu Rady Naukowej Rejestru AMI-Pl</em></p>\r\n</blockquote>', 0, 'sprawnosc-seksualna-w-obliczu-choroby-serca');

-- --------------------------------------------------------

--
-- Struktura tabeli dla tabeli `pages`
--

DROP TABLE IF EXISTS `pages`;
CREATE TABLE IF NOT EXISTS `pages` (
  `id` int(11) NOT NULL AUTO_INCREMENT,
  `page_template_id` int(11) DEFAULT NULL,
  `name` varchar(255) COLLATE utf8_unicode_ci NOT NULL,
  `meta_title` varchar(255) COLLATE utf8_unicode_ci DEFAULT NULL,
  `meta_description` varchar(255) COLLATE utf8_unicode_ci DEFAULT NULL,
  `meta_keywords` varchar(255) COLLATE utf8_unicode_ci DEFAULT NULL,
  `url_title` varchar(255) COLLATE utf8_unicode_ci NOT NULL,
  `text` longtext COLLATE utf8_unicode_ci NOT NULL,
  `is_editable` tinyint(1) NOT NULL,
  `wrapper_css_class` varchar(255) COLLATE utf8_unicode_ci DEFAULT NULL,
  PRIMARY KEY (`id`),
  KEY `IDX_2074E575126651CA` (`page_template_id`)
) ENGINE=InnoDB  DEFAULT CHARSET=utf8 COLLATE=utf8_unicode_ci AUTO_INCREMENT=21 ;

--
-- Zrzut danych tabeli `pages`
--

INSERT INTO `pages` (`id`, `page_template_id`, `name`, `meta_title`, `meta_description`, `meta_keywords`, `url_title`, `text`, `is_editable`, `wrapper_css_class`) VALUES
(8, 3, 'main', 'Ciśnienie na życie - strona kampanii', 'Strona o kampanii "Ciśnienie na życie". Naszym celem jest przeprowadzenie 200 000 pomiarów ciśnienia tętniczego, wsparcie obchodów Światowego Dnia Serca i sporządzenie raportu na temat czynników ryzyka chorób układu krążenia.', 'ciśnienie na życie, polpharma, życie, ciśnienie, serce, kardio', 'index', 'This is index.html page', 0, 'index'),
(9, 4, 'about', 'O kampani | Ciśnienie na życie', 'Przeprowadzenie 200 000 pomiarów ciśnienia tętniczego, wsparcie obchodów Światowego Dnia Serca i sporządzenie raportu na temat czynników ryzyka chorób układu krążenia.', 'acard, about, page', 'o-kampanii', '<header class="page-content-header">O kampanii</header>\r\n<article>\r\n<p><strong>O KAMPANII CIŚNIENIE NA ŻYCIE</strong></p>\r\n<p>&nbsp;</p>\r\n<p>W trakcie<strong> III edycji og&oacute;lnopolskiej kampanii &bdquo;Ciśnienie na Życie&rdquo;</strong> bezpłatne badania profilaktyczne, odbywające się od maja do października 2015 roku, objęły mieszkańc&oacute;w <br /><strong>52 polskich miast</strong>. Dzięki badaniom dostępnym w mobilnym centrum badań kampanii, <br />a także na specjalnych stoiskach badań organizowanych przy okazji lokalnych wydarzeń, ponad <strong>27 000</strong> os&oacute;b poznało wiek swojego serca, wyniki pomiaru ciśnienia tętniczego oraz poziomu cholesterolu we krwi.</p>\r\n<p><img src="../../bundles/acardfrontend/files/CNZ_5.jpg" alt="" width="580" height="387" /></p>\r\n<p>Gł&oacute;wnym założeniem kampanii &bdquo;Ciśnienie na Życie&rdquo; jest przekonanie Polak&oacute;w do dbania <br />o swoje zdrowie, szczeg&oacute;lnie w kontekście zdarzeń kardiologicznych oraz zachęcenie ich do regularnej kontroli ciśnienia tętniczego krwi. Z danych Polskiego Towarzystwa Kardiologicznego wynika, że choroby układu sercowo-naczyniowego to wciąż istotna przyczyna zgon&oacute;w w Polsce. Każdego dnia z powodu tych schorzeń umiera w naszym kraju prawie <strong>500 os&oacute;b</strong>.</p>\r\n<p><img src="../../bundles/acardfrontend/files/_D8E5848.jpg" alt="" width="580" height="387" /></p>\r\n<p>Od grudnia 2012 roku kampania &bdquo;Ciśnienie na Życie&rdquo; odwiedziła niemalże całą Polskę, oferując pomiary ciśnienia tętniczego krwi oraz badania wieku serca mieszkańcom <strong>ponad 120 miast</strong>. Na podstawie danych zebranych w trakcie trwania trzech edycji kampanii zesp&oacute;ł badawczy z <strong>Gdańskiego Uniwersytetu Medycznego</strong><sup>[1]</sup> ocenił rozpowszechnienie czynnik&oacute;w ryzyka chor&oacute;b układu krwionośnego w społeczeństwie oraz statystyczny wiek serca mieszkańca Polski. Dzięki wsparciu ekspert&oacute;w z Gdańskiego Uniwersytetu Medycznego wiemy już, że serce statystycznego Polaka jest średnio o <strong>6 lat starsze</strong> od niego samego. Wyniki raportu zostały ogłoszone 20 listopada podczas gali Heart Forum <br />w Krakowie &ndash; spotkania podsumowującego 3 lata kampanii &bdquo;Ciśnienie na Życie&rdquo;.</p>\r\n<p>&nbsp;</p>\r\n<p><a href="../../bundles/acardfrontend/files/raport_wiek_serca_polakow.pdf">Raport &bdquo;Wiek serca Polak&oacute;w&rdquo; </a></p>\r\n<p>&nbsp;</p>\r\n<p>&nbsp;</p>\r\n<p style="font-size: 11px;"><a href="#_ftnref1" name="_ftn1">[1]</a> W składzie: Łukasz Wierucki i Tomasz Zdrojewski z Zakładu Prewencji i Dydaktyki, Gdański Uniwersytet Medyczny, konsultanci naukowi: Jakub Stokwiszewski z Narodowego Instytutu Zdrowia Publicznego &ndash; Państwowy Zakład Higieny oraz Marian Zembala ze Śląskiego Centrum Chor&oacute;b Serca <br />w Zabrzu.</p>\r\n</article>', 1, 'acard'),
(10, 4, 'acard', 'O leku Acard | Ciśnienie na życie', 'Lek ACARD zawiera kwas acetylosalicylowy, który hamuje zlepianie się (agregację) płytek krwi.', 'acard, acard, page', 'acard', '<header class="page-content-header">Acard</header>\r\n<article>\r\n<p class="lead">Lek ACARD zawiera kwas acetylosalicylowy, kt&oacute;ry hamuje zlepianie się (agregację) płytek krwi.</p>\r\n<p class="violet">Lek przeznaczony jest do długotrwałego, profilaktycznego stosowania w chorobach, kt&oacute;re grożą powstaniem zakrzep&oacute;w i zator&oacute;w w naczyniach krwionośnych.</p>\r\n<br />\r\n<p>Lek ACARD stosuje się:</p>\r\n<ul>\r\n<li>w zapobieganiu zawałowi serca u os&oacute;b dużego ryzyka;</li>\r\n<li>w świeżym zawale serca lub podejrzeniu świeżego zawału serca;</li>\r\n<li>w niestabilnej chorobie wieńcowej;</li>\r\n<li>w zapobieganiu powt&oacute;rnemu zawałowi serca;</li>\r\n<li>po zabiegach chirurgicznych lub interwencyjnych na naczyniach, np. wszczepieniu pomost&oacute;w aortalno-wieńcowych, plastyce naczyń wieńcowych;</li>\r\n<li>w zapobieganiu napadom przejściowego niedokrwienia m&oacute;zgu i niedokrwiennego udaru m&oacute;zgu oraz po ich przebyciu;</li>\r\n<li>u os&oacute;b z zarostową miażdżycą tętnic obwodowych;</li>\r\n<li>w zapobieganiu zakrzepicy naczyń wieńcowych u pacjent&oacute;w z wieloma czynnikami ryzyka;</li>\r\n<li>w zapobieganiu zakrzepicy żylnej i zatorowi płuc u pacjent&oacute;w długotrwale unieruchomionych.</li>\r\n</ul>\r\n<hr /><span class="drug-name">ACARD 75mg</span> <a href="http://www.polfawar.com.pl/katalog/public/pliki/_178.pdf" target="_blank"><img class="packshot" src="bundles/acardfrontend/img/acard75.jpg" alt="ACARD 75mg" /></a><hr /><span class="drug-name"><span class="drug-name"><span class="more-info"> Więcej informacji o leku znajdziesz na stronie <a href="http://www.acard.pl" target="_blank">www.acard.pl</a> </span></span></span><hr /></article>', 1, 'acard'),
(11, 4, 'calendar', 'Kalendarium badań | Ciśnienie na życie', 'Bądź na bieżąco z naszymi wydarzeniami. Zapraszamy do zapoznania się z mapą aktualnych i planowanych wydarzeń.', 'acard, kalendarium, page', 'kalendarium', 'This is kalendarium.html page', 0, NULL),
(12, 4, 'contact', 'Kontakt | Ciśnienie na życie', 'W przypadku pytań dotyczących kampanii „Ciśnienie na życie” prosimy o kierowanie wiadomości na adres email.', 'acard, kontakt, page', 'kontakt', '<header class="page-content-header">\r\n            Kontakt\r\n          </header>\r\n          <article>\r\n            <h2 class="violet">Kampania Ciśnienie na Życie</h2>\r\n            <p class="lead">\r\n                W przypadku pytań  dotyczących kampanii „Ciśnienie na życie” prosimy o kierowanie wiadomości na adres email:\r\n                <br>\r\n                <br>\r\n                <a href="mailto:cisnienienazycie@polpharma.com">cisnienienazycie@polpharma.com</a>.\r\n            </p>\r\n          </article>', 1, NULL),
(13, 4, 'hypertension', 'O nadciśnieniu tętniczym | Ciśnienie na życie', 'Choroba układu krążenia polegająca na stałym lub okresowym podwyższeniu ciśnienia tętniczego krwi powyżej wartości prawidłowych, czyli > 140/90 mmHg.', 'acard, nadcisnienie, page', 'nadcisnienie', '<header class="page-content-header">O nadciśnieniu tętniczym</header>\r\n<article>\r\n<h2 class="violet">Nadciśnienie</h2>\r\n<p class="lead">Choroba układu krążenia polegająca na stałym lub okresowym podwyższeniu ciśnienia tętniczego krwi powyżej wartości prawidłowych, czyli&nbsp;&ge; 140/90 mmHg.</p>\r\n<p class="violet">Szczeg&oacute;lnie narażone na rozw&oacute;j nadciśnienia tętniczego są osoby w wieku &gt; 50 r.ż., <br />z nadwagą lub otyłością, oraz u kt&oacute;rych w rodzinie występowało nadciśnienie tętnicze. Regularna kontrola ciśnienia tętniczego stwarza możliwość wczesnego wykrycia i podjęcia odpowiedniego leczenia nadciśnienia tętniczego.</p>\r\n<br />\r\n<p>Niewykryte bądź nieleczone nadciśnienie tętnicze zwiększa ryzyko wystąpienia zdarzeń sercowo-naczyniowych takich jak: zawał serca, udar m&oacute;zgu a także chor&oacute;b nerek <br />i uszkodzenia narządu wzroku.</p>\r\n<img src="bundles/acardfrontend/img/about.jpg" alt="O kampanii" />\r\n<h2 class="violet">Zawał serca</h2>\r\n<br />\r\n<p>Zawał serca to zesp&oacute;ł kliniczny spowodowany ustaniem przepływu krwi przez tętnicę wieńcową (naczynie krwionośne zaopatrujące serce np. w tlen) wskutek jej zamknięcia przez np. miażdżycę lub zakrzep. Konsekwencją tego jest uszkodzenie (martwica) mięśnia sercowego, co może doprowadzić do niewydolności serca, zatrzymania jego pracy i nagłej śmierci.</p>\r\n<br />\r\n<h2 class="violet">Jakie są objawy zawału serca?</h2>\r\n<br />\r\n<p>B&oacute;l w klatce piersiowej, w okolicy mostka, promieniujący do żuchwy lub okolicy bark&oacute;w; często - uczucie duszności, zimne poty, zasłabnięcie, uczucie lęku.</p>\r\n<br />\r\n<h2 class="violet">Udar m&oacute;zgu</h2>\r\n<br />\r\n<p>Udar m&oacute;zgu to nagłe wystąpienie zaburzeń czynności m&oacute;zgu, trwających dłużej niż 24 godziny (o ile wcześniej nie doprowadzą do zgonu), spowodowanych zaburzeniami <br />w m&oacute;zgowym przepływie krwi. Najczęstszą przyczyną udaru jest niedrożność naczyń m&oacute;zgowych wywołana zakrzepami i miażdżycą naczyń prowadząca do niedokrwienia tkanek m&oacute;zgowych. Udar m&oacute;zgu jest stanem zagrożenia życia, wymaga szybkiego rozpoznania i natychmiastowego leczenia.</p>\r\n<br />\r\n<h2 class="violet">Jakie są objawy udaru m&oacute;zgu?</h2>\r\n<br />\r\n<p>B&oacute;l głowy, drętwienie kończyn, zaburzenia widzenia, trudności w mowie lub rozumieniu sł&oacute;w; Utrata przytomności, upadek, paraliż części ciała, drgawki, zawroty głowy, wymioty.</p>\r\n<br />\r\n<h2 class="violet">Jak uchronić się przed zawałem serca i udarem m&oacute;zgu?</h2>\r\n<br />\r\n<p>Prowadź zdrowy styl życia, ogranicz spożycie produkt&oacute;w pochodzenia zwierzęcego, jedz dużo warzyw i owoc&oacute;w, nie zaniedbuj codziennej aktywności fizycznej; Kontroluj ciśnienie tętnicze, stężenie cholesterolu, wagę ciała, dbaj o obw&oacute;d w talii; Porzuć nałogi: zrezygnuj <br />z palenia tytoniu i ogranicz ilość spożywanego alkoholu; Regularnie kontroluj stan swojego zdrowia, rozmawiaj o wszelkich wątpliwościach ze swoim lekarzem rodzinnym.</p>\r\n<hr />\r\n<p class="lead">Istnieją metody zmniejszania ryzyka wystąpienia zawału serca i udaru m&oacute;zgu. Jedną z nich jest stosowanie doustnych lek&oacute;w zmniejszających krzepliwość krwi, np. kwasu acetylosalicylowego, w niskich dawkach. Poproś lekarza o ocenę Twojego ryzyka sercowo-naczyniowego <br />i zapytaj, czy możesz stosować Acard w dawkach kardioprotekcyjnych 75 mg lub 150 mg.</p>\r\n<hr /></article>', 1, 'nadcisnienie'),
(14, 4, 'heart-age', 'Wiek serca | Ciśnienie na życie', 'Grupa Polpharma w ramach kampanii „Ciśnienie na życie” wprowadziła nowe badanie – pierwsze na taką skalę w Europie badanie wieku serca.', 'acard, wiekserca, page', 'wiek-serca', '<header class="page-content-header">Wiek serca</header>\r\n<article>\r\n<h2 class="violet">Innowacyjne badanie</h2>\r\n<p class="lead">Kampania &bdquo;Ciśnienie na życie&rdquo; zbada wiek serca Polak&oacute;w za pomocą innowacyjnej aplikacji, stworzonej przez ekspert&oacute;w Gdańskiego Uniwersytetu Medycznego.</p>\r\n<p>Grupa Polpharma w ramach kampanii &bdquo;Ciśnienie na życie&rdquo; wprowadziła nowe badanie &ndash; pierwsze na taką skalę w Europie badanie wieku serca. Z pomocą lekarzy, pielęgniarek oraz specjalnie przygotowanej aplikacji, organizatorzy kampanii prowadzą badanie przesiewowe, dzięki kt&oacute;remu Polacy będą mogli sprawdzić, ile lat mają ich serca. Badanie to jest niezwykle istotne ze statystycznego punktu widzenia.</p>\r\n<br />\r\n<p>Z danych Polskiego Towarzystwa Kardiologicznego wynika, że choroby układu sercowo-naczyniowego odpowiadają za 48% zgon&oacute;w w Polsce. Niestety ponad 65% kobiet i 76% mężczyzn przyznaje, że nie wykonuje regularnie pomiar&oacute;w ciśnienia tętniczego krwi. Niecałe 10% badanych zdecydowało się regularnie mierzyć ciśnienie ze względ&oacute;w profilaktycznych.</p>\r\n<img src="bundles/acardfrontend/img/wiekserca1.jpg" alt="Wiek serca" />\r\n<h2 class="violet">Jak to działa?</h2>\r\n<br />\r\n<p>Za zgodą naukowc&oacute;w z Boston University, autor&oacute;w algorytmu FHS, eksperci Gdańskiego Uniwersytetu Medycznego, opracowali na potrzeby kampanii &bdquo;Ciśnienie na życie&rdquo; aplikację, kt&oacute;ra podczas badania u os&oacute;b w wieku 20-74 lata, może za pomocą kilku prostych pomiar&oacute;w i pytań określić tzw. wiek serca względem metrykalnego wieku pacjenta. Aplikacja powstała w oparciu o wyniki The Framingham Heart Study i publikację R. D&rsquo;Agostino i wsp. Circulation1 oraz prace badawcze zespołu dra hab. T. Zdrojewskiego z Gdańskiego Uniwersytetu Medycznego. Wyniki badań zostaną przedstawione w raporcie &bdquo;Serce Polaka&rdquo;.&nbsp;</p>\r\n<p><br /> &bdquo;Pielęgniarka lub lekarz po zbadaniu ciśnienia tętniczego krwi, zmierzeniu obwodu brzucha oraz przeprowadzeniu wywiadu dotyczącego przebytych chor&oacute;b i przyjmowanych lek&oacute;w, może jednym kliknięciem sprawdzić wiek serca pacjenta&rdquo; &ndash; komentuje dr hab. <br />T. Zdrojewski, koordynator badania NATPOL 2011. &bdquo;Obecnie aplikacja będzie narzędziem wykorzystywanym podczas badań w ramach kampanii &bdquo;Ciśnienie na życie&rdquo;,<br />ale w przyszłości może także ułatwić pracę lekarzom, a przede wszystkim pomoże pacjentom lepiej zrozumieć stan swojego zdrowia oraz wykryć czynniki ryzyka wystąpienia zawału serca czy udaru m&oacute;zgu&rdquo; &ndash; dodaje. <br /> <br /> Wyniki pomiar&oacute;w są wprowadzane do systemu, a każdy przebadany otrzymuje dodatkowo informację nt. swojego wyniku wraz z jego interpretacją oraz własną książeczkę pomiar&oacute;w. Na podstawie zebranych danych można ocenić, czy serce badanego jest szczeg&oacute;lnie narażone na wystąpienie schorzeń układu sercowo-naczyniowego, takich jak zawał <br />czy udar.</p>\r\n<br />\r\n<h2 class="violet">Co wpływa na wiek naszego serca?</h2>\r\n<br />\r\n<p>Serce dorosłego Polaka i Polki jest średnio o 8 lat starsze niż oni sami &ndash; takie wnioski wynikają z ostatniego, innowacyjnego badania NATPOL 2011, analizującego zdrowie Polak&oacute;w. Na wiek serca wpływają r&oacute;żne czynniki, kt&oacute;rych często pacjenci nie biorą pod uwagę &ndash; tryb życia, stres, dieta, występowanie w przeszłości zdarzeń kardiologicznych <br />(u pacjenta lub w rodzinie pacjenta). Może to prowadzić do nadciśnienia tętniczego, otyłości, podwyższenia poziomu cholesterolu we krwi, a w konsekwencji spowodować udar m&oacute;zgu lub zawał serca. Dlatego w ramach kampanii &bdquo;Ciśnienie na życie&rdquo;, pielęgniarki na stoiskach w całej Polsce za pomocą specjalnie przygotowanej aplikacji prowadzą szczeg&oacute;łowy wywiad, kt&oacute;ry pozwala określić wiek serca danej osoby i wykryć potencjalne czynniki ryzyka wystąpienia zawału serca i udaru m&oacute;zgu.</p>\r\n<img src="bundles/acardfrontend/img/wiekserca2.jpg" alt="Wiek serca" />\r\n<h2 class="violet">Serca starsze niż pacjent &ndash; i co dalej?</h2>\r\n<br />\r\n<p>Aplikacja &bdquo;wiek serca&rdquo; pozwala stwierdzić, czy u pacjenta istnieje zwiększone ryzyko zachorowania na zawał serca lub udar m&oacute;zgu. Występuje ono wtedy, gdy obliczony wiek serca jest wyższy od wieku metrykalnego. Dobra wiadomość &ndash; wiek serca można obniżyć! Może to uczynić każdy, kto zmieni dietę i styl życia na bardziej zdrowy oraz w razie potrzeby, będzie skutecznie leczył tzw. czynniki ryzyka zawał&oacute;w serca i udar&oacute;w m&oacute;zgu, takie jak nadciśnienie tętnicze, wysoki cholesterol, otyłość lub cukrzyca, palenie, brak aktywności fizycznej i stres.</p>\r\n<br />\r\n<p class="lead">Rady jak najskuteczniej poradzić sobie z ww. czynnikami ryzyka każdy pacjent może uzyskać u swojego lekarza rodzinnego.</p>\r\n<p>&bdquo;Istotnym jest, aby pacjenci przede wszystkim z grup ryzyka zrozumieli konieczność wprowadzenia zmian profilaktycznych w swoim życiu. Pokazanie wieku serca pacjent&oacute;w pozwoli w prosty spos&oacute;b uświadomić wszystkim przebadanym, że nawet jeżeli nie wystąpił u nich incydent kardiologiczny, to w każdej chwili może do niego dojść. Zależy nam także na zaktualizowaniu naszej wiedzy na temat zdrowia układu sercowo-naczyniowego Polak&oacute;w&rdquo; &ndash; komentuje prof. Marian Zembala, dyrektor Śląskiego Centrum Chor&oacute;b Serca w Zabrzu, opiekun merytoryczny kampanii &bdquo;Ciśnienie na życie&rdquo;.</p>\r\n</article>', 1, 'wiek-serca'),
(15, 4, 'konkurs', 'Konkurs | Ciśnienie na życie', 'Konkurs Acard', 'Acard', 'konkurs', '<header class="page-content-header">Konkurs</header>\r\n<article>\r\n<p>Osoby, kt&oacute;re w ramach badań przeprowadzonych w mobilnym centrum badań kampanii &bdquo;Ciśnienie na Życie&rdquo; dowiedziały się, że stan ich zdrowia wymaga większej troski, zostały skierowane do Centrum Obniżania Wieku Serca. Opr&oacute;cz dodatkowej diagnostyki i porady w kierunku poprawy stanu zdrowia, osoby, kt&oacute;re skorzystały z porad lekarzy Centrum Obniżania Wieku Serca dostały także możliwość wzięcia udziału w konkursie &bdquo;Najmłodsze Serce&rdquo;. Uczestnicy proszeni byli <br />o przesłanie kuponu konkursowego z pieczątką potwierdzającą wizytę kontrolną u lekarza oraz odpowiedzią na pytanie &bdquo;W jaki spos&oacute;b staram się obniżyć wiek mojego serca?&rdquo;.&nbsp;&nbsp;</p>\r\n<p>&nbsp;</p>\r\n<p>Dziękujemy za wszystkie nadesłane zgłoszenia!&nbsp;</p>\r\n<p>&nbsp;</p>\r\n<p>Kapituła konkursu &bdquo;Najmłodsze Serce&rdquo; przyznała wyr&oacute;żnienia sześciu nadesłanym zgłoszeniom. Autorzy pięciu wyr&oacute;żnionych prac otrzymali nagrody rzeczowe o wartości 600 zł.&nbsp;</p>\r\n<p>&nbsp;</p>\r\n<p><strong>Wyr&oacute;żnienia:</strong></p>\r\n<p>&nbsp;</p>\r\n<p>Bohdan Laskosz (Proszowice)</p>\r\n<p>&nbsp;</p>\r\n<p>Maria Chmiel (Tarnobrzeg)</p>\r\n<p>&nbsp;</p>\r\n<p>Tadeusz Rośniak (Bełchat&oacute;w)</p>\r\n<p>&nbsp;</p>\r\n<p>Janusz Cichocki (Mielec) Jan Olko (Tarnobrzeg)&nbsp;</p>\r\n<p>&nbsp;</p>\r\n<p>Autor zgłoszenia konkursowego, kt&oacute;remu kapituła przyznała najwyższe oceny otrzymał nagrodę gł&oacute;wną: 5 000 zł.</p>\r\n<p>&nbsp;</p>\r\n<p><strong>Nagroda gł&oacute;wna: Mariusz Kaźmierowski&nbsp; (Warszawa)&nbsp;</strong></p>\r\n</article>', 1, 'konkurs'),
(16, 4, 'samorzad-od-serca', 'Samorząd od serca | Ciśnienie na życie', 'samorząd od serca', 'samorząd od serca', 'samorzad-od-serca', '<header class="page-content-header"><strong>Samorządowe programy zdrowotne nagrodzone!</strong></header>\r\n<article>\r\n<p class="lead">8 grudnia w Warszawie odbyła się konferencja Sercowe Warsztaty, podczas kt&oacute;rej przyznano wyr&oacute;żnienia i nagrody w konkursie &bdquo;Samorząd od Serca&rdquo;. W tym roku organizatorzy kampanii &bdquo;Ciśnienie na Życie&rdquo; w ramach, kt&oacute;rej organizowany jest konkurs &bdquo;Samorząd od Serca&rdquo; zdecydowali się wyr&oacute;żnić 17 samorząd&oacute;w. Uhonorowane jednostki realizowały działania z zakresu edukacji i profilaktyki chor&oacute;b układu krążenia. To już druga edycja konkursu. W tym roku nagrodę gł&oacute;wną &ndash; akcję bezpłatnych badań przyznano powiatowi bialskiemu oraz miastu Poznań.</p>\r\n<br />\r\n<p>Do udziału w tegorocznej odsłonie konkursu zostały zaproszone wszystkie jednostki samorządowe w Polsce. Organizator kampanii zdecydował się uhonorować 17 samorządowych program&oacute;w zdrowotnych z zakresu profilaktyki chor&oacute;b układu krążenia. Dodatkowo starostwo powiatowe w Białej Podlaskiej oraz miasto Poznań otrzymały nagrodę w postaci jednodniowej akcji badań wieku serca i pomiaru ciśnienia w ramach kampanii &bdquo;Ciśnienie na Życie&rdquo;. Zostaną one przeprowadzone na terenie (tych miast/gmin) jeszcze w tym roku. Mieszkańcy wygranych gmin będą mogli skorzystać z wykwalifikowanej opieki medycznej oraz poznać prawdziwy wiek swojego serca, kt&oacute;ry często r&oacute;żni się od wieku metrykalnego.</p>\r\n<br />\r\n<p>&bdquo;<em>Zainteresowanie tegoroczną edycją konkursu &bdquo;Samorząd od Serca&rdquo; wskazuje na to, że świadomość społeczeństwa z zakresu profilaktyki chor&oacute;b serca stale rośnie. Grupa Polpharma stara się wspierać działania mające przyczynić się do zwiększania wiedzy wśr&oacute;d Polak&oacute;w na temat profilaktyki wielu chor&oacute;b, w tym właśnie chor&oacute;b kardiologicznych. Chciałabym pogratulować wszystkim wyr&oacute;żnionym samorządom, kt&oacute;re dzięki swoim programom sprawiają, że Polacy bardziej dbają o swoje zdrowie</em>&rdquo;&nbsp; &ndash; Emilia Aksan-Kruczek, Koordynator kampanii &bdquo;Ciśnienie na Życie&rdquo;, Polpharma.</p>\r\n<p>&nbsp;</p>\r\n<p>Inicjatywy, takie jak konkurs &bdquo;Samorząd od Serca&rdquo; pokazują, że samorządy terytorialne chętnie realizują dla swoich mieszkańc&oacute;w, programy z zakresu edukacji zdrowotnej i profilaktyki chor&oacute;b,&nbsp; w tym schorzeń układu krążenia. Każdego roku w Polsce jest ich wdrażanych kilkadziesiąt.&nbsp; W tegorocznej edycji konkursu, organizatorzy spotkali się z dużym odzewem ze strony samorząd&oacute;w, kt&oacute;re przedstawiły swoje autorskie programy propagujące profilaktykę chor&oacute;b cywilizacyjnych. Przedstawione programy często bazowały na bezpłatnym specjalistycznym poradnictwie z zakresu chor&oacute;b przewlekłych: nadciśnienia, hipercholesterolemii, cukrzycy oraz umożliwieniu przeprowadzenia badań profilaktycznych. Mimo r&oacute;żnorodności program&oacute;w realizowanych w całym kraju, ich niezmienne założenia to zwiększenie poziomu wiedzy mieszkańc&oacute;w na temat przyczyn powstawania chor&oacute;b cywilizacyjnych, zwiększenie ich wczesnej wykrywalności, a co za tym idzie zmniejszenie przedwczesnej umieralności z ich powodu. Warto zaznaczyć, że działania tego typu mobilizują inne jednostki samorządowe do wdrażania podobnych aktywności na swoich terenach, tym samym zwiększając świadomość Polak&oacute;w o potrzebie zmian w stylu życia i wdrażania zachowań prozdrowotnych.</p>\r\n<br />\r\n<p><strong>Tytuły &bdquo;Samorząd od Serca&rdquo; otrzymały:</strong></p>\r\n<br />\r\n<ul style="list-style-type: circle;">\r\n<li>Gmina Biała-Rawska</li>\r\n<li>Gmina Gogolin</li>\r\n<li>Gmina Kcynia</li>\r\n<li>Gmina Milan&oacute;wek</li>\r\n<li>Miasto Brodnica</li>\r\n<li>Miasto Gdańsk</li>\r\n<li>Miasto Jarosław</li>\r\n<li>Miasto J&oacute;zef&oacute;w</li>\r\n<li>Miasto Kędzierzyn-Koźle</li>\r\n<li>Miasto Krak&oacute;w</li>\r\n<li>Miasto Legionowo</li>\r\n<li>Miasto Poznań</li>\r\n<li>Powiat Bialski</li>\r\n<li>Powiat Cieszyński</li>\r\n<li>Powiat Kutnowski</li>\r\n<li>Samorząd Wojew&oacute;dztwa Małopolskiego</li>\r\n<li>Samorząd Wojew&oacute;dztwa Mazowieckiego</li>\r\n</ul>\r\n</article>', 1, 'samorzad'),
(17, 4, 'formularz-konkursowy', 'Formularz konkursowy | Ciśnienie na życie', 'Formularz konkursowy ciśnienie na życie', 'samorząd od serac, formularz konkursowy', 'formularz-konkursowy', '<header class="page-content-header"><strong>Druga edycja konkursu &bdquo;Samorząd od Serca&rdquo;</strong></header>\r\n<article>\r\n<p class="lead">Organizator kampanii &bdquo;Ciśnienie na Życie&rdquo; pragnie po raz kolejny wyr&oacute;żnić samorządowe jednostki terytorialne najbardziej aktywne, na przestrzeni ostatniego roku, w popularyzacji lokalnych program&oacute;w zdrowotnych z zakresu profilaktyki chor&oacute;b układu sercowo-naczyniowego. Konkurs &bdquo;Samorząd od Serca&rdquo; przeznaczony jest dla wszystkich jednostek samorządu terytorialnego w Polsce. Zapraszamy do przesyłania zgłoszeń poprzez wypełnienie znajdującego się poniżej formularza.</p>\r\n<br />\r\n<p>Uzyskanie tytułu &bdquo;Samorządu od Serca&rdquo; będzie uhonorowaniem dotychczasowych działań i specjalnym wyr&oacute;żnieniem dla samorząd&oacute;w realizujących programy zdrowotne w obszarze kardiologii na przestrzeni ostatniego roku (od 01.01.2015 r. do 03.10.2016 r.). Wyr&oacute;żnienia dla zwycięskich jednostek samorządu terytorialnego zostaną wręczone do końca grudnia 2016 roku.<strong> Dodatkowo 2 wybrane jednostki samorządu terytorialnego zostaną nagrodzone jednodniową akcją badań zorganizowaną przez kampanię &bdquo;Ciśnienie na Życie&rdquo; (ciśnienie krwi i wiek serca) dla mieszkańc&oacute;w ich miasta.</strong></p>\r\n<br />\r\n<p>W ocenie zgłoszeń pod uwagę będą brane następujące kryteria:</p>\r\n<ul style="list-style-type: circle;">\r\n<li>Czas trwania programu i jego edycje (czy program był jednorazowy, czy realizowany w poszczeg&oacute;lnych latach)</li>\r\n<li>Cele, idea, działania, spos&oacute;b realizacji (np. akcja informacyjna, plakaty, ulotki itp.)</li>\r\n<li>Jaki % mieszkańc&oacute;w został objęty programem</li>\r\n<li>Osiągnięte efekty np. liczba przebadanych os&oacute;b, liczba os&oacute;b skierowanych na dodatkowe konsultacje</li>\r\n</ul>\r\n<p><strong>Konkurs trwa od 3 października do 18 listopada 2016 roku</strong></p>\r\n<p>&nbsp;</p>\r\n<p>Sprawdź wyniki edycji konkursu Samorząd od serca 2015:</p>\r\n<p>&nbsp;</p>\r\n<a href="../../samorzad-od-serca.html" target="_self">Samorząd od Serca 2015</a></article>\r\n<article>Wypełnij poniższy formularz:</article>', 1, 'formularz'),
(18, 4, 'formularz-konkursowy-podziekowanie', 'Formularz konkursowy podziękowanie | Ciśnienie na życie', 'Formularz konkursowy ciśnienie na życie', 'samorząd od serac, formularz konkursowy', 'formularz-konkursowy-podziekowanie', '<header class="page-content-header">Samorząd od serca</header>\r\n<article>\r\n	<p>\r\n		Serdecznie zapraszamy jednostki samorządu terytorialnego do wzięcia udziału w akcji „Samorząd od Serca”, której celem jest aktywizacja jednostek samorządu terytorialnego w zakresie \r\n		projektowania i realizacji programów zdrowotnych oraz popularyzacja samorządowych programów zdrowotnych w dziedzinie profilaktyki chorób układu krążenia. Samorządom realizującym programy \r\n		zdrowotne w dziedzinie kardiologii przyznane zostaną tytuły „Samorządu od Serca”.\r\n	</p>\r\n	<br/>\r\n	<p><b>Dziękujemy za wysłanie formularza</b></p>\r\n</article>', 0, NULL),
(19, 4, 'aktualnosci', 'Aktualności | Ciśnienie za życie', 'Aktualności - Ciśnienie na życie', 'aktualności', 'aktualnosci', '', 0, 'aktualnosci'),
(20, 4, 'gabinety', 'Gabinety zrzeszone w COWS | Ciśnienie na życie', 'Lista gabinetów zrzeszonych w COWS - Ciśnienie na życie', 'gabinety, COWS, gabinety zrzeszone w COWS', 'gabinety', '<header class="page-content-header">Gabinety zrzeszone w COWS</header>\r\n<article><img src="../../../bundles/acardfrontend/img/mapa_gabinety.jpg" alt="Mapa gabinet&oacute;w zrzeszonych w COWS" /></article>', 1, 'gabinety');

-- --------------------------------------------------------

--
-- Struktura tabeli dla tabeli `page_templates`
--

DROP TABLE IF EXISTS `page_templates`;
CREATE TABLE IF NOT EXISTS `page_templates` (
  `id` int(11) NOT NULL AUTO_INCREMENT,
  `name` varchar(40) COLLATE utf8_unicode_ci NOT NULL,
  `label` varchar(40) COLLATE utf8_unicode_ci NOT NULL,
  PRIMARY KEY (`id`)
) ENGINE=InnoDB  DEFAULT CHARSET=utf8 COLLATE=utf8_unicode_ci AUTO_INCREMENT=5 ;

--
-- Zrzut danych tabeli `page_templates`
--

INSERT INTO `page_templates` (`id`, `name`, `label`) VALUES
(3, 'main', 'Layout strony głównej'),
(4, 'page', 'Layout podstrony');

-- --------------------------------------------------------

--
-- Struktura tabeli dla tabeli `provinces`
--

DROP TABLE IF EXISTS `provinces`;
CREATE TABLE IF NOT EXISTS `provinces` (
  `id` int(11) NOT NULL AUTO_INCREMENT,
  `name` varchar(40) COLLATE utf8_unicode_ci NOT NULL,
  `label` varchar(40) COLLATE utf8_unicode_ci NOT NULL,
  PRIMARY KEY (`id`)
) ENGINE=InnoDB  DEFAULT CHARSET=utf8 COLLATE=utf8_unicode_ci AUTO_INCREMENT=33 ;

--
-- Zrzut danych tabeli `provinces`
--

INSERT INTO `provinces` (`id`, `name`, `label`) VALUES
(17, 'dolnoslaskie', 'dolnośląskie'),
(18, 'kujawsko-pomorskie', 'kujawsko-pomorskie'),
(19, 'lubelskie', 'lubelskie'),
(20, 'lubuskie', 'lubuskie'),
(21, 'lodzkie', 'łódzkie'),
(22, 'malopolskie', 'małopolskie'),
(23, 'mazowieckie', 'mazowieckie'),
(24, 'opolskie', 'opolskie'),
(25, 'podkarpackie', 'podkarpackie'),
(26, 'podlaskie', 'podlaskie'),
(27, 'pomorskie', 'pomorskie'),
(28, 'slaskie', 'śląskie'),
(29, 'swietokrzyskie', 'świętokrzyskie'),
(30, 'warminsko-mazurskie', 'warmińsko-mazurskie'),
(31, 'wielkopolskie', 'wielkopolskie'),
(32, 'zachodniopomorskie', 'zachodniopomorskie');

-- --------------------------------------------------------

--
-- Struktura tabeli dla tabeli `surgeries`
--

DROP TABLE IF EXISTS `surgeries`;
CREATE TABLE IF NOT EXISTS `surgeries` (
  `id` int(11) NOT NULL AUTO_INCREMENT,
  `city_id` int(11) DEFAULT NULL,
  `name` varchar(255) COLLATE utf8_unicode_ci NOT NULL,
  `dr_name` varchar(255) COLLATE utf8_unicode_ci NOT NULL,
  `address` varchar(255) COLLATE utf8_unicode_ci NOT NULL,
  `postcode` varchar(16) COLLATE utf8_unicode_ci NOT NULL,
  PRIMARY KEY (`id`),
  KEY `IDX_A3F5554B8BAC62AF` (`city_id`)
) ENGINE=InnoDB  DEFAULT CHARSET=utf8 COLLATE=utf8_unicode_ci AUTO_INCREMENT=90 ;

--
-- Zrzut danych tabeli `surgeries`
--

INSERT INTO `surgeries` (`id`, `city_id`, `name`, `dr_name`, `address`, `postcode`) VALUES
(2, 22, 'Poradnia Specjalistyczna', 'dr Jolanta Prokop', 'ul. Pod Krzywą 28, os. Mickiewicza', '15-258'),
(3, 22, 'Poradnia Specjalistyczna', 'dr Anna Lewczuk', 'ul. Pod Krzywą 28, os. Mickiewicza', '15-258'),
(4, 92, 'Indywidualna Specjalistyczna Praktyka Lekarska Zbigniew Chazan', 'dr Zbigniew Chazan', 'ul. Księcia Witolda 19/1', '21-500'),
(5, 94, 'Gabinet prywatny', 'dr Dominik Osman', 'ul. Dobra 1', '08-400'),
(6, 95, 'Gabinet prywatny', 'dr Teresa Wiernikowska–Węgorek', 'ul. Leśna 1b', '05-400'),
(7, 96, 'Gabinet prywatny', 'dr Artur Bodus', 'ul. Gęsia 19', '20-719'),
(8, 96, 'Gabinet prywatny', 'dr Piotr Kawałek', 'ul. Chrobrego 15', '20-611'),
(9, 96, 'Gabinet prywatny', 'dr Marek Turkiewicz', 'ul. Fulmana 7/3', '20-492'),
(10, 34, 'NZOZ Żechowicz Medeusz-Plus', 'dr Henryk Wronka', 'ul. Osińskiego 9', '10-010'),
(11, 97, 'Gabinet prywatny', 'dr Michał Wawreszuk', 'ul. Wrzosowa 2/4', '19-300'),
(12, 98, 'NZOZ KOMED', 'dr Włodzimierz Kielich', 'ul. Piękna 3A', '18-400'),
(13, 98, 'NZOZ KOMED', 'dr Krzysztof Szymczak', 'Al. Piłsudskiego 6', '18-400'),
(15, 99, 'Gabinet prywatny', 'dr Iwona Kowalik', 'ul. Kopernika 19/68 a', '39-400'),
(16, 99, 'Gabinet prywatny', 'dr Roland Rudnicki', 'ul. Mickiewicza 34d', '39-400'),
(17, 100, 'NZOZ Medi Centr s.c.', 'lek. med. spec. Bogdan Leyko', 'ul. Mickiewicza 40', '39-300'),
(18, 100, 'NZOZ Marmed s.j.', 'dr Jarosław Marzec', 'ul. Pułaskiego 2B/5', '39-300'),
(19, 101, 'Przychodnia na ul. Jana Pawła II 38', 'dr Anna Wietchy', 'ul. Jana Pawła II 38', '38-500'),
(20, 101, 'Przychodnia na ul. Jana Pawła II 38', 'dr Wojciech Biernikiewicz', 'ul. Jana Pawła II 38', '38-500'),
(21, 101, 'Przychodnia na ul. Jana Pawła II 38', 'dr Małgorzata Trawińska', 'ul. Jana Pawła II 38', '38-500'),
(22, 102, 'Ośrodek Zdrowia Gilowice', 'dr Wanda Bobusia', 'ul. Krakowska 69', '34-322'),
(23, 102, 'Ośrodek Zdrowia Lipowa', 'lek. med. Wojciech Basa', 'ul. Lipowa 1071', '34-324'),
(24, 102, 'Ośrodek Zdrowia Milówka', 'dr Groński Piotr', 'ul. Dworcowa 31', '34-360'),
(25, 102, 'Ośrodek Zdrowia Żywiec', 'dr Bożena Handzlik', 'ul. Garbarska 3', '34-300'),
(26, 102, 'Ośrodek Zdrowia Pewel Mała', 'dr Barbara Stasiniewicz', 'ul. Jana Pawła II 66', '34-331'),
(27, 93, 'Gabinet prywatny', 'dr n. med. Ryszard Roszczyk', 'ul. Zegrzyńska 8', '05-119'),
(28, 93, 'Gabinet prywatny', 'dr Joanna Zaniewska-Ćwiklińska', 'ul. Zwycięstwa 2', '05-120'),
(29, 106, 'NZOZ VITAMED', 'dr Henryk Sobocik', 'ul. Wrocławska 20', '44-335'),
(30, 103, 'NZOZ VITAMED', 'lek. med. Monika Jamrozik', 'ul. Wrocławska 20', '44-335'),
(31, 93, 'Gabinet prywatny', 'dr Maria Jurczyk', 'ul. Zwycięstwa 2', '05-120'),
(32, 104, 'Poradnia Kardiologiczna', 'dr n. med. Grzegorz Irlik', 'ul. Niedurnego 50 D', '41-709'),
(33, 104, 'Poradnia Kardiologiczna', 'dr Krystyna Krzemień-Wolska', 'ul. Niedurnego 50 D', '41-709'),
(34, 105, 'Poradnia Kardiologiczna', 'dr Beata Poprawa', 'ul. Opolska 21', '42-600'),
(35, 78, 'Samodzielny Publiczny Zakład Opieki Zdrowotnej "CENTRUM" w Opolu', 'lek. med. Agata Kubal-Tkocz', 'ul. Kościuszki 2', '45-062'),
(36, 78, 'Samodzielny Publiczny Zakład Opieki Zdrowotnej "CENTRUM" w Opolu', 'dr Joanna Gałecka', 'ul. Kościuszki 2', '45-062'),
(37, 78, 'Samodzielny Publiczny Zakład Opieki Zdrowotnej "CENTRUM" w Opolu', 'dr Marek Kania', 'ul. Kościuszki 2', '45-062'),
(38, 29, 'Indywidualna Specjalistyczna Praktyka Lekarska', 'lek. med. Grażyna Borej-Nowicka', 'ul. Korczak 16', '62-800'),
(39, 108, 'Centrum Medyczne ProVita Sp. Z o.o.', 'lek. med. Paweł Krzak', 'ul. Świętej Jadwigi 27 A-B', '55-100'),
(40, 36, 'Centrum Medyczne Nowe Miasto', 'lek. med. Michał Gorawski', 'ul. 11-Listopada 116', '58-301'),
(41, 109, 'NZOZ OMP Lubin', 'dr Alfred Heller', 'ul. Słoneczna 1', '59-300'),
(42, 109, 'NZOZ OMP Lubin', 'dr Renata Leniec', 'ul. Słoneczna 1', '59-300'),
(43, 110, 'Spólłka Lekarska Skarbowa T.Kremer  i Wspólnicy s.j.', 'dr Tomasz Kremer', 'ul. Chopina 21', '65-032'),
(44, 107, 'Prywatny Gabinet Lekarski', 'dr Marek Piotrowski', 'ul. Wysocka 12', '63-400'),
(45, 111, 'Prywatny Gabinet Lekarski', 'lek.med. Janusz Judek', 'ul. Braci Czeskich 1', '64-500'),
(46, 111, 'Prywatny Gabinet Lekarski', 'lek.med. Magdalena Skolasińska - Judek', 'ul. Braci Czeskich 1', '64-500'),
(47, 63, 'Prywatny Gabinet Lekarski', 'dr Tomasz Święcicki', 'ul. Jeziorna 13a', '62-200'),
(48, 61, 'Prywatny Gabinet Lekarski', 'dr Marek Bronisz', 'ul. R. Dmowskiego 10', '88-100'),
(49, 112, 'Doktor - Specjalistyczne Gabinety Lekarskie', 'dr Janusz Mielcarek', 'ul. Podgórna 12', '87-100'),
(50, 60, 'NZOZ CENTRUM MEDYCZNE - IKAR', 'dr Adamaszek Krzysztof', 'ul. Ikara 4', '86-300'),
(51, 114, 'GABINET LEKARSKI LEK. MED. IRENEUSZ PRZETACKI', 'lek. med. Ireneusz Przetacki', 'ul. Północna 6a', '09-100'),
(52, 114, 'PRYWATNY GABINET LEKARSKI ANDRZEJ MODLIŃSKI', 'dr Andrzej Modliński', 'ul. Gałczyńskiego 7', '09-100'),
(53, 115, 'NZOZ MEDYK', 'dr Cierpikowska Agnieszka', 'ul. Grunwaldzka 2', '99-300'),
(54, 115, 'NZOZ MEDYK', 'dr Dąbrowska-Nowak Maria', 'ul. Grunwaldzka 2', '99-300'),
(55, 12, 'Prywatny Gabinet Lekarski', 'dr Jolanta Sadurska', 'ul. Wyszyńskiego 72', '94-047'),
(56, 12, 'Poradnia Malinowa w Łodzi', 'dr Beata Franczyk-Skóra', 'ul. Kilińskiego 20', '90-209'),
(57, 27, 'Przychodnia Mega-Med.', 'dr Konopacki Piotr', 'ul. Czapliniecka 93/98', '97-400'),
(58, 27, 'Przychodnia Mega-Med.', 'dr Jabłońska Nina', 'ul. Czapliniecka 93/98', '97-400'),
(59, 56, 'NZOZ', 'dr Izabela Kusznierska -Bieńkowska', 'ul. Derdowskiego 23', '84-230'),
(60, 56, 'NZOZ', 'dr Joanna Wolańska', 'ul. Obwodowa 35E/C11 w Redzie', '84-240'),
(61, 56, 'NZOZ', 'dr Jadwiga Mormon', 'ul. Piłsudskiego 6', '84-230'),
(62, 118, 'NZOZ CENTRUM MEDYCZNE', 'dr Małgorzata Łukowska', 'ul. Wojska Polskiego 11', '83-000'),
(63, 118, 'NZOZ CENTRUM MEDYCZNE', 'dr Joanna Derwisz', 'ul. Wojska Polskiego 11', '83-000'),
(64, 118, 'NZOZ CENTRUM MEDYCZNE', 'dr Krystyna Tamulewicz', 'ul. Wojska Polskiego 11', '83-000'),
(65, 118, 'NZOZ SAFMED', 'dr Anna Wnorowska-Klimek', 'ul. Kossaka 8/3', '83-000'),
(66, 119, 'Przychodnia nr 1', 'dr Iwona Tołkacz - Mil', 'ul. Szpitalna 2 Gabinet nr 112', '75-720'),
(67, 120, 'Gabinet Kardiologiczny Grodzisk Mazowiecki', 'dr Barbara Podogrodzka', 'ul. Kościuszki 28', '05-825'),
(68, 121, 'Przychodnia Lekarska w Błoniu SGP ZOZ', 'Lek. med. Anna Zawadzka', 'ul. Piłsudskiego 2', '05-870'),
(69, 122, 'Przychodnia Rejonowa', 'Lek.med. Rajmund Zdaniukiewicz', 'ul. Kościuszkowców 10', '78-600'),
(70, 122, 'Przychodnia Rejonowa', 'Lek.med. Sławomir Kaliski', 'ul. Kościuszkowców 10', '78-600'),
(71, 122, 'Przychodnia Rejonowa', 'Lek.med. Czesław Godlewski', 'ul. Kościuszkowców 10', '78-600'),
(72, 123, 'Przychodnia Lekarska SP ZOZ', 'dr Marek Szuba', 'ul. Polna 24 Gabinet nr 14', '78-400'),
(73, 123, 'Przychodnia Lekarska Alenort', 'dr Chaudhary Rajiv', 'ul. Kilińskiego 7', '78-400'),
(74, 33, 'Prywatny Gabinet Lekarski', 'Lek. Med. Waldemar Frąckowiak Specjalista kardiolog', 'ul. Szpitalna 2', '78-100'),
(75, 76, 'Poradnia Kardiologiczna "Kardiomed"', 'dr Bogusław Derlaga', 'ul. Lwowska 197', '33-100'),
(76, 89, 'Prywatny Gabinet Lekarski', 'dr Grzegorz Prentczyński', 'ul. 17-go stycznia 50', '64-100'),
(77, 66, 'ZSOZ Amimed', 'dr Magdalena Kot', 'ul. Szwedzka 27', '30-315'),
(78, 66, 'ZSOZ Amimed', 'dr Wanda Belec-Karska', 'ul. Szwedzka 27', '30-315'),
(79, 66, 'Poradnia specjalistyczna Kardiologiczna "SANATO"', 'dr Wojciech Bobrowski', 'ul. Berka Joselewicz 21A', '31-031'),
(80, 124, 'NZOZ Skaw-Med sp. z o.o', 'dr Marcin Olszewski', 'Ul. Popiełuszki 5', '32-050'),
(81, 125, 'Prywatna Klinika Kardiologiczna "Cardiotest"', 'Prof. Fryderyk Prochaczek', 'ul. Hutnicza 17', '43-110'),
(82, 125, 'Prywatna Klinika Kardiologiczna "Cardiotest"', 'dr n. med. Hanna Winiarska-Prochaczek', 'ul. Hutnicza 17', '43-110'),
(83, 43, 'IDYWIDUALNA SPECJALISTYCZNA PRAKTYKA LEKARSKA KRZYSZTOF D. BOŁTRYK', 'dr Krzysztof D. Bołtryk', 'ul. Piłsudskiego 23', '07-300'),
(84, 13, 'Centrum Medyczne Sobieskiego', 'dr Andrzej Dobrowolski', 'Ul. Św. Bonifacego 70', '02-761'),
(85, 127, 'Specjalistyczna praktyka lekarska', 'dr Krzysztof Figarski', 'ul. Apteczna 8A', '26-110'),
(86, 126, 'Specjalistyczny Gabinet Kardiologiczny', 'dr n. med. Małgorzata Kołodziej', 'ul. Urzędnicza 16B', '41-345'),
(87, 126, 'DARIMED - Centrum Zdrowia', 'dr Alicja Stępień-Wałek', 'ul. Prosta 42', '25-371'),
(88, 126, 'Specjalistyczny Gabinet Kardiologiczny', 'dr Elżbieta Jaskulska-Niedziela', 'ul. Kościuszki 11', '25-340'),
(89, 126, 'Niepubliczny Zakład Opieki Zdrowotnej "Hipokrates"', 'dr Anna Kucharczyk', 'ul. Wojska Polskiego 16B', '25-364');

-- --------------------------------------------------------

--
-- Struktura tabeli dla tabeli `videos`
--

DROP TABLE IF EXISTS `videos`;
CREATE TABLE IF NOT EXISTS `videos` (
  `id` int(11) NOT NULL AUTO_INCREMENT,
  `label` varchar(40) COLLATE utf8_unicode_ci NOT NULL,
  `url` varchar(120) COLLATE utf8_unicode_ci NOT NULL,
  `poster` varchar(255) COLLATE utf8_unicode_ci NOT NULL,
  PRIMARY KEY (`id`)
) ENGINE=InnoDB  DEFAULT CHARSET=utf8 COLLATE=utf8_unicode_ci AUTO_INCREMENT=7 ;

--
-- Zrzut danych tabeli `videos`
--

INSERT INTO `videos` (`id`, `label`, `url`, `poster`) VALUES
(5, 'Twoja mama kocha Cię całym sercem', 'https://www.youtube.com/watch?v=PrmCJqvqJP0', '37009e0b8078c31b.jpg'),
(6, 'Twój mąż kocha Cię całym sercem', 'https://www.youtube.com/watch?v=I2owhNxN3JE', 'a6695cba778a0d5c.jpg');

--
-- Ograniczenia dla zrzutów tabel
--

--
-- Ograniczenia dla tabeli `cities`
--
ALTER TABLE `cities`
  ADD CONSTRAINT `FK_D95DB16BE946114A` FOREIGN KEY (`province_id`) REFERENCES `provinces` (`id`);

--
-- Ograniczenia dla tabeli `events`
--
ALTER TABLE `events`
  ADD CONSTRAINT `FK_5387574A8BAC62AF` FOREIGN KEY (`city_id`) REFERENCES `cities` (`id`);

--
-- Ograniczenia dla tabeli `pages`
--
ALTER TABLE `pages`
  ADD CONSTRAINT `FK_2074E575126651CA` FOREIGN KEY (`page_template_id`) REFERENCES `page_templates` (`id`);

--
-- Ograniczenia dla tabeli `surgeries`
--
ALTER TABLE `surgeries`
  ADD CONSTRAINT `FK_A3F5554B8BAC62AF` FOREIGN KEY (`city_id`) REFERENCES `cities` (`id`);

/*!40101 SET CHARACTER_SET_CLIENT=@OLD_CHARACTER_SET_CLIENT */;
/*!40101 SET CHARACTER_SET_RESULTS=@OLD_CHARACTER_SET_RESULTS */;
/*!40101 SET COLLATION_CONNECTION=@OLD_COLLATION_CONNECTION */;
